seq,ts_ns,payload,occ_bytes,current,cost_uds_us,cost_shm_us,queue_wait_shm_us,switch_cost_us,setup_cost_us,health_penalty_us,latency_penalty_us,score_uds_us,score_shm_us,selected,reason
1289,23382691352000,512,133967,SHM,3.77,12.56,12.37,20.00,0.00,0.00,0.00,23.77,12.56,SHM,COST_STABLE
1290,23382691352000,16384,134031,SHM,27.58,12.68,12.38,20.00,0.00,0.00,0.00,47.58,12.68,SHM,COST_STABLE
1291,23382691354000,512,133221,SHM,3.77,11.23,11.06,20.00,0.00,0.00,0.00,23.77,11.23,SHM,COST_STABLE
1292,23382691354000,16384,131657,SHM,27.58,11.41,10.93,20.00,0.00,0.00,0.00,47.58,11.41,SHM,COST_STABLE
1293,23382691356000,512,129301,SHM,3.77,10.09,9.93,20.00,0.00,0.00,0.00,23.77,10.09,SHM,COST_STABLE
1294,23382691356000,16384,127062,SHM,27.58,10.29,9.76,20.00,0.00,0.00,0.00,47.58,10.29,SHM,COST_STABLE
1295,23382691356000,512,124936,SHM,3.77,9.74,9.60,20.00,0.00,0.00,0.00,23.77,9.74,SHM,COST_STABLE
1296,23382691357000,16384,122915,SHM,27.58,12.16,11.69,20.00,0.00,0.00,0.00,47.58,12.16,SHM,COST_STABLE
1297,23382691357000,512,120996,SHM,3.77,11.73,11.51,20.00,0.00,0.00,0.00,23.77,11.73,SHM,COST_STABLE
1298,23382691358000,16384,119173,SHM,27.58,14.42,14.00,20.00,0.00,0.00,0.00,47.58,14.42,SHM,COST_STABLE
1299,23382691359000,512,117415,SHM,3.77,11.72,11.52,20.00,0.00,0.00,0.00,23.77,11.72,SHM,COST_STABLE
1300,23382691359000,16384,115770,SHM,27.58,11.74,11.36,20.00,0.00,0.00,0.00,47.58,11.74,SHM,COST_STABLE
1301,23382691359000,512,114182,SHM,3.77,11.39,11.20,20.00,0.00,0.00,0.00,23.77,11.39,SHM,COST_STABLE
1302,23382691360000,16384,111880,SHM,27.58,10.13,9.79,20.00,0.00,0.00,0.00,47.58,10.13,SHM,COST_STABLE
1303,23382691361000,512,110487,SHM,3.77,12.11,11.95,20.00,0.00,0.00,0.00,23.77,12.11,SHM,COST_STABLE
1304,23382691361000,16384,108370,SHM,27.58,12.03,11.72,20.00,0.00,0.00,0.00,47.58,12.03,SHM,COST_STABLE
1305,23382691361000,512,106332,SHM,3.77,11.65,11.50,20.00,0.00,0.00,0.00,23.77,11.65,SHM,COST_STABLE
1306,23382691362000,16384,104423,SHM,27.58,11.57,11.29,20.00,0.00,0.00,0.00,47.58,11.57,SHM,COST_STABLE
1307,23382691362000,512,102583,SHM,3.77,11.23,11.09,20.00,0.00,0.00,0.00,23.77,11.23,SHM,COST_STABLE
1308,23382691363000,16384,100835,SHM,27.58,13.70,13.45,20.00,0.00,0.00,0.00,47.58,13.70,SHM,COST_STABLE
1309,23382691363000,512,99174,SHM,3.77,13.44,13.22,20.00,0.00,0.00,0.00,23.77,13.44,SHM,COST_STABLE
1310,23382691364000,16384,97597,SHM,27.58,16.25,15.99,20.00,0.00,0.00,0.00,47.58,16.25,SHM,COST_STABLE
1311,23382691364000,512,96072,SHM,3.77,15.96,15.74,20.00,0.00,0.00,0.00,23.77,15.96,SHM,COST_STABLE
1312,23382691365000,16384,94650,SHM,27.58,15.76,15.51,20.00,0.00,0.00,0.00,47.58,15.76,SHM,COST_STABLE
1313,23382691365000,512,93273,SHM,3.77,15.51,15.29,20.00,0.00,0.00,0.00,23.77,15.51,SHM,COST_STABLE
1314,23382691366000,16384,91171,SHM,27.58,11.43,11.17,20.00,0.00,0.00,0.00,47.58,11.43,SHM,COST_STABLE
1315,23382691366000,512,89967,SHM,3.77,11.25,11.03,20.00,0.00,0.00,0.00,23.77,11.25,SHM,COST_STABLE
1316,23382691367000,16384,88031,SHM,27.58,9.23,8.98,20.00,0.00,0.00,0.00,47.58,9.23,SHM,COST_STABLE
1317,23382691367000,512,86165,SHM,3.77,9.01,8.79,20.00,0.00,0.00,0.00,23.77,9.01,SHM,COST_STABLE
1318,23382691368000,16384,84419,SHM,27.58,8.86,8.61,20.00,0.00,0.00,0.00,47.58,8.86,SHM,COST_STABLE
1319,23382691368000,512,82734,SHM,3.77,8.66,8.44,20.00,0.00,0.00,0.00,23.77,8.66,SHM,COST_STABLE
1320,23382691369000,16384,80287,SHM,27.58,7.34,7.09,20.00,0.00,0.00,0.00,47.58,7.34,SHM,COST_STABLE
1321,23382691370000,512,77964,SHM,3.77,6.54,6.32,20.00,0.00,0.00,0.00,23.77,6.54,SHM,COST_STABLE
1322,23382691370000,16384,75756,SHM,27.58,6.39,6.14,20.00,0.00,0.00,0.00,47.58,6.39,SHM,COST_STABLE
1323,23382691371000,512,73633,SHM,3.77,5.78,5.56,20.00,0.00,0.00,0.00,23.77,5.78,SHM,COST_STABLE
1324,23382691372000,16384,70822,SHM,27.58,5.36,5.10,20.00,0.00,0.00,0.00,47.58,5.36,SHM,COST_STABLE
1325,23382691372000,512,68946,SHM,3.77,5.19,4.97,20.00,0.00,0.00,0.00,23.77,5.19,SHM,COST_STABLE
1326,23382691373000,16384,66370,SHM,27.58,4.87,4.62,20.00,0.00,0.00,0.00,47.58,4.87,SHM,COST_STABLE
1327,23382691373000,512,63897,SHM,3.77,4.66,4.44,20.00,0.00,0.00,0.00,23.77,4.66,SHM,COST_STABLE
1328,23382691374000,16384,61573,SHM,27.58,4.53,4.28,20.00,0.00,0.00,0.00,47.58,4.53,SHM,COST_STABLE
1329,23382691374000,512,59340,SHM,3.77,4.35,4.13,20.00,0.00,0.00,0.00,23.77,4.35,SHM,COST_STABLE
1330,23382691374000,16384,57244,SHM,27.58,4.23,3.98,20.00,0.00,0.00,0.00,47.58,4.23,SHM,COST_STABLE
1331,23382691375000,512,55227,SHM,3.77,3.93,3.71,20.00,0.00,0.00,0.00,23.77,3.93,SHM,COST_STABLE
1332,23382691375000,16384,53337,SHM,27.58,3.84,3.58,20.00,0.00,0.00,0.00,47.58,3.84,SHM,COST_STABLE
1333,23382691376000,512,51515,SHM,3.77,3.59,3.37,20.00,0.00,0.00,0.00,23.77,3.59,SHM,COST_STABLE
1334,23382691376000,16384,49810,SHM,27.58,3.51,3.26,20.00,0.00,0.00,0.00,47.58,3.51,SHM,COST_STABLE
1335,23382691377000,512,48165,SHM,3.77,3.31,3.09,20.00,0.00,0.00,0.00,23.77,3.31,SHM,COST_STABLE
1336,23382691377000,16384,46602,SHM,27.58,3.24,2.99,20.00,0.00,0.00,0.00,47.58,3.24,SHM,COST_STABLE
1337,23382691377000,512,45117,SHM,3.77,3.11,2.89,20.00,0.00,0.00,0.00,23.77,3.11,SHM,COST_STABLE
1338,23382691378000,16384,43733,SHM,27.58,3.05,2.80,20.00,0.00,0.00,0.00,47.58,3.05,SHM,COST_STABLE
1339,23382691378000,512,42391,SHM,3.77,2.94,2.72,20.00,0.00,0.00,0.00,23.77,2.94,SHM,COST_STABLE
1340,23382691379000,16384,41117,SHM,27.58,3.52,3.27,20.00,0.00,0.00,0.00,47.58,3.52,SHM,COST_STABLE
1341,23382691379000,512,39906,SHM,3.77,3.39,3.17,20.00,0.00,0.00,0.00,23.77,3.39,SHM,COST_STABLE
1342,23382691380000,16384,38756,SHM,27.58,4.06,3.81,20.00,0.00,0.00,0.00,47.58,4.06,SHM,COST_STABLE
1343,23382691380000,512,37638,SHM,3.77,3.92,3.70,20.00,0.00,0.00,0.00,23.77,3.92,SHM,COST_STABLE
1344,23382691381000,16384,36601,SHM,27.58,3.85,3.60,20.00,0.00,0.00,0.00,47.58,3.85,SHM,COST_STABLE
1345,23382691381000,512,35591,SHM,3.77,3.72,3.50,20.00,0.00,0.00,0.00,23.77,3.72,SHM,COST_STABLE
1346,23382691381000,16384,34656,SHM,27.58,3.66,3.41,20.00,0.00,0.00,0.00,47.58,3.66,SHM,COST_STABLE
1347,23382691382000,512,33743,SHM,3.77,3.15,2.93,20.00,0.00,0.00,0.00,23.77,3.15,SHM,COST_STABLE
1348,23382691382000,16384,32901,SHM,27.58,3.11,2.86,20.00,0.00,0.00,0.00,47.58,3.11,SHM,COST_STABLE
1349,23382691383000,512,32076,SHM,3.77,2.77,2.55,20.00,0.00,0.00,0.00,23.77,2.77,SHM,COST_STABLE
1350,23382691383000,16384,31317,SHM,27.58,2.74,2.49,20.00,0.00,0.00,0.00,47.58,2.74,SHM,COST_STABLE
1351,23382691383000,512,30571,SHM,3.77,2.65,2.43,20.00,0.00,0.00,0.00,23.77,2.65,SHM,COST_STABLE
1352,23382691384000,16384,29887,SHM,27.58,2.62,2.37,20.00,0.00,0.00,0.00,47.58,2.62,SHM,COST_STABLE
1353,23382691384000,512,30058,SHM,3.77,2.61,2.39,20.00,0.00,0.00,0.00,23.77,2.61,SHM,COST_STABLE
1354,23382691384000,16384,30245,SHM,27.58,2.65,2.40,20.00,0.00,0.00,0.00,47.58,2.65,SHM,COST_STABLE
1355,23382691385000,512,31243,SHM,3.77,2.70,2.48,20.00,0.00,0.00,0.00,23.77,2.70,SHM,COST_STABLE
1356,23382691385000,16384,32217,SHM,27.58,2.81,2.56,20.00,0.00,0.00,0.00,47.58,2.81,SHM,COST_STABLE
1357,23382691386000,512,33961,SHM,3.77,2.90,2.70,20.00,0.00,0.00,0.00,23.77,2.90,SHM,COST_STABLE
1358,23382691386000,16384,35644,SHM,27.58,3.07,2.83,20.00,0.00,0.00,0.00,47.58,3.07,SHM,COST_STABLE
1359,23382691387000,512,38063,SHM,3.77,3.21,3.02,20.00,0.00,0.00,0.00,23.77,3.21,SHM,COST_STABLE
1360,23382691387000,16384,40386,SHM,27.58,3.52,3.21,20.00,0.00,0.00,0.00,47.58,3.52,SHM,COST_STABLE
1361,23382691388000,512,43413,SHM,3.77,3.62,3.45,20.00,0.00,0.00,0.00,23.77,3.62,SHM,COST_STABLE
1362,23382691388000,16384,46314,SHM,27.58,4.06,3.68,20.00,0.00,0.00,0.00,47.58,4.06,SHM,COST_STABLE
1363,23382691388000,512,49889,SHM,3.77,4.11,3.96,20.00,0.00,0.00,0.00,23.77,4.11,SHM,COST_STABLE
1364,23382691389000,16384,53312,SHM,27.58,4.58,4.23,20.00,0.00,0.00,0.00,47.58,4.58,SHM,COST_STABLE
1365,23382691389000,512,57383,SHM,3.77,4.69,4.56,20.00,0.00,0.00,0.00,23.77,4.69,SHM,COST_STABLE
1366,23382691390000,16384,61276,SHM,27.58,5.17,4.86,20.00,0.00,0.00,0.00,47.58,5.17,SHM,COST_STABLE
1367,23382691390000,512,65794,SHM,3.77,5.45,5.22,20.00,0.00,0.00,0.00,23.77,5.45,SHM,COST_STABLE
1368,23382691391000,16384,70112,SHM,27.58,5.84,5.57,20.00,0.00,0.00,0.00,47.58,5.84,SHM,COST_STABLE
1369,23382691391000,512,75034,SHM,3.77,6.16,5.96,20.00,0.00,0.00,0.00,23.77,6.16,SHM,COST_STABLE
1370,23382691392000,16384,79735,SHM,27.58,6.58,6.33,20.00,0.00,0.00,0.00,47.58,6.58,SHM,COST_STABLE
1371,23382691392000,512,85021,SHM,3.77,6.95,6.75,20.00,0.00,0.00,0.00,23.77,6.95,SHM,COST_STABLE
1372,23382691393000,16384,90068,SHM,27.58,7.40,7.15,20.00,0.00,0.00,0.00,47.58,7.40,SHM,COST_STABLE
1373,23382691393000,512,95682,SHM,3.77,7.80,7.60,20.00,0.00,0.00,0.00,23.77,7.80,SHM,COST_STABLE
1374,23382691394000,16384,101042,SHM,27.58,8.27,8.02,20.00,0.00,0.00,0.00,47.58,8.27,SHM,COST_STABLE
1375,23382691394000,512,106953,SHM,3.77,8.69,8.49,20.00,0.00,0.00,0.00,23.77,8.69,SHM,COST_STABLE
1376,23382691394000,16384,112594,SHM,27.58,9.19,8.94,20.00,0.00,0.00,0.00,47.58,9.19,SHM,COST_STABLE
1377,23382691395000,512,118773,SHM,3.77,9.63,9.43,20.00,0.00,0.00,0.00,23.77,9.63,SHM,COST_STABLE
1378,23382691395000,16384,124668,SHM,27.58,10.15,9.90,20.00,0.00,0.00,0.00,47.58,10.15,SHM,COST_STABLE
1379,23382691396000,512,131088,SHM,3.77,10.61,10.41,20.00,0.00,0.00,0.00,23.77,10.61,SHM,COST_STABLE
1380,23382691396000,16384,137213,SHM,27.58,11.14,10.89,20.00,0.00,0.00,0.00,47.58,11.14,SHM,COST_STABLE
1381,23382691397000,512,143872,SHM,3.77,11.65,11.42,20.00,0.00,0.00,0.00,23.77,11.65,SHM,COST_STABLE
1382,23382691397000,16384,150223,SHM,27.58,12.17,11.93,20.00,0.00,0.00,0.00,47.58,12.17,SHM,COST_STABLE
1383,23382691398000,512,157076,SHM,3.77,12.68,12.47,20.00,0.00,0.00,0.00,23.77,12.68,SHM,COST_STABLE
1384,23382691398000,16384,163613,SHM,27.58,13.29,12.99,20.00,0.00,0.00,0.00,47.58,13.29,SHM,COST_STABLE
1385,23382691398000,512,170642,SHM,3.77,13.73,13.55,20.00,0.00,0.00,0.00,23.77,13.73,SHM,COST_STABLE
1386,23382691399000,16384,177345,SHM,27.58,14.35,14.08,20.00,0.00,0.00,0.00,47.58,14.35,SHM,COST_STABLE
1387,23382691399000,512,184533,SHM,3.77,14.82,14.65,20.00,0.00,0.00,0.00,23.77,14.82,SHM,COST_STABLE
1388,23382691399000,16384,191387,SHM,27.58,15.44,15.19,20.00,0.00,0.00,0.00,47.58,15.44,SHM,COST_STABLE
1389,23382691400000,512,198718,SHM,3.77,15.93,15.78,20.00,0.00,0.00,0.00,23.77,15.93,SHM,COST_STABLE
1390,23382691400000,16384,205709,SHM,27.58,16.55,16.33,20.00,0.00,0.00,0.00,47.58,16.55,SHM,COST_STABLE
1391,23382691400000,512,213169,SHM,3.77,17.06,16.92,20.00,0.00,0.00,0.00,23.77,17.06,SHM,COST_STABLE
1392,23382691400000,16384,220282,SHM,27.58,17.69,17.49,20.00,0.00,0.00,0.00,47.58,17.69,SHM,COST_STABLE
1393,23382691401000,512,227859,SHM,3.77,18.21,18.09,20.00,0.00,0.00,0.00,23.77,18.21,SHM,COST_STABLE
1394,23382691401000,16384,235083,SHM,27.58,18.94,18.66,20.00,0.00,0.00,0.00,47.58,18.94,SHM,COST_STABLE
1395,23382691401000,512,242765,SHM,3.77,19.38,19.27,20.00,0.00,0.00,0.00,23.77,19.38,SHM,COST_STABLE
1396,23382691401000,16384,250088,SHM,27.58,20.10,19.85,20.00,0.00,0.00,0.00,47.58,20.10,SHM,COST_STABLE
1397,23382691402000,512,257866,SHM,3.77,20.57,20.47,20.00,0.00,0.00,0.00,23.77,20.57,SHM,COST_STABLE
1398,23382691402000,16384,265280,SHM,27.58,21.29,21.06,20.00,0.00,0.00,0.00,47.58,21.29,SHM,COST_STABLE
1399,23382691403000,512,273143,SHM,3.77,21.77,21.68,20.00,0.00,0.00,0.00,23.77,21.77,SHM,COST_STABLE
1400,23382691403000,16384,280638,SHM,27.58,22.48,22.28,20.00,0.00,0.00,0.00,47.58,22.48,SHM,COST_STABLE
1401,23382691403000,512,288578,SHM,3.77,22.99,22.91,20.00,0.00,0.00,0.00,23.77,22.99,SHM,COST_STABLE
1402,23382691403000,512,296147,SHM,3.77,23.58,23.51,20.00,0.00,0.00,0.00,23.77,23.58,SHM,COST_STABLE
1403,23382691404000,512,303364,SHM,3.77,24.25,24.08,20.00,0.00,0.00,0.00,23.77,24.25,SHM,STICKY_MARGIN
1404,23382691404000,512,310245,SHM,3.77,24.78,24.63,20.00,0.00,0.00,0.00,23.77,24.78,SHM,STICKY_MARGIN
1405,23382691404000,512,316809,SHM,3.77,25.29,25.15,20.00,0.00,0.00,0.00,23.77,25.29,SHM,STICKY_MARGIN
1406,23382691404000,512,323069,SHM,3.77,25.77,25.65,20.00,0.00,0.00,0.00,23.77,25.77,SHM,STICKY_MARGIN
1407,23382691405000,512,329043,SHM,3.77,26.23,26.12,20.00,0.00,0.00,0.00,23.77,26.23,SHM,STICKY_MARGIN
1408,23382691405000,512,334744,SHM,3.77,26.67,26.58,20.00,0.00,0.00,0.00,23.77,26.67,SHM,STICKY_MARGIN
1409,23382691405000,512,340186,SHM,3.77,27.10,27.01,20.00,0.00,0.00,0.00,23.77,27.10,SHM,STICKY_MARGIN
1410,23382691405000,512,345381,SHM,3.77,27.50,27.42,20.00,0.00,0.00,0.00,23.77,27.50,SHM,STICKY_MARGIN
1411,23382691405000,512,350343,SHM,3.77,27.89,27.81,20.00,0.00,0.00,0.00,23.77,27.89,SHM,STICKY_MARGIN
1412,23382691405000,512,355082,SHM,3.77,28.25,28.19,20.00,0.00,0.00,0.00,23.77,28.25,SHM,STICKY_MARGIN
1413,23382691406000,512,359610,SHM,3.77,28.61,28.55,20.00,0.00,0.00,0.00,23.77,28.61,SHM,STICKY_MARGIN
1414,23382691406000,512,363938,SHM,3.77,28.95,28.89,20.00,0.00,0.00,0.00,23.77,28.95,UDS,QUEUE_PRESSURE
1415,23382691410000,512,368049,UDS,3.77,36.48,36.43,20.00,0.00,0.00,0.00,3.77,56.48,UDS,COST_STABLE
1416,23382691413000,512,371955,UDS,3.77,45.88,45.83,20.00,0.00,0.00,0.00,3.77,65.88,UDS,COST_STABLE
1417,23382691415000,512,374001,UDS,3.77,37.93,37.88,20.00,0.00,0.00,0.00,3.77,57.93,UDS,COST_STABLE
1418,23382691417000,512,373408,UDS,3.77,28.73,28.68,20.00,0.00,0.00,0.00,3.77,48.73,UDS,COST_STABLE
1419,23382691419000,512,370309,UDS,3.77,23.88,23.83,20.00,0.00,0.00,0.00,3.77,43.88,UDS,COST_STABLE
1420,23382691421000,512,365649,UDS,3.77,23.02,22.97,20.00,0.00,0.00,0.00,3.77,43.02,UDS,COST_STABLE
1421,23382691423000,512,358712,UDS,3.77,20.20,20.15,20.00,0.00,0.00,0.00,3.77,40.20,UDS,COST_STABLE
1422,23382691426000,512,350385,UDS,3.77,21.17,21.12,20.00,0.00,0.00,0.00,3.77,41.17,UDS,COST_STABLE
1423,23382691428000,512,339938,UDS,3.77,18.53,18.48,20.00,0.00,0.00,0.00,3.77,38.53,UDS,COST_STABLE
1424,23382691430000,512,327504,UDS,3.77,16.60,16.55,20.00,0.00,0.00,0.00,3.77,36.60,UDS,COST_STABLE
1425,23382691432000,512,313155,UDS,3.77,15.00,14.94,20.00,0.00,0.00,0.00,3.77,35.00,UDS,COST_STABLE
1426,23382691434000,512,297497,UDS,3.77,14.31,14.26,20.00,0.00,0.00,0.00,3.77,34.31,UDS,COST_STABLE
1427,23382691437000,512,282622,UDS,3.77,16.95,16.89,20.00,0.00,0.00,0.00,3.77,36.95,UDS,COST_STABLE
1428,23382691439000,512,268491,UDS,3.77,20.04,19.99,20.00,0.00,0.00,0.00,3.77,40.04,UDS,COST_STABLE
1429,23382691442000,512,255067,UDS,3.77,23.71,23.66,20.00,0.00,0.00,0.00,3.77,43.71,UDS,COST_STABLE
1430,23382691445000,512,242313,UDS,3.77,28.03,27.98,20.00,0.00,0.00,0.00,3.77,48.03,UDS,COST_STABLE
1431,23382691447000,512,230198,UDS,3.77,33.04,32.99,20.00,0.00,0.00,0.00,3.77,53.04,UDS,COST_STABLE
1432,23382691450000,512,218688,UDS,3.77,38.98,38.93,20.00,0.00,0.00,0.00,3.77,58.98,UDS,COST_STABLE
1433,23382691453000,512,207753,UDS,3.77,45.94,45.88,20.00,0.00,0.00,0.00,3.77,65.94,UDS,COST_STABLE
1434,23382691456000,512,197366,UDS,3.77,54.03,53.98,20.00,0.00,0.00,0.00,3.77,74.03,UDS,COST_STABLE
1435,23382691459000,512,187497,UDS,3.77,63.41,63.36,20.00,0.00,0.00,0.00,3.77,83.41,UDS,COST_STABLE
1436,23382691462000,512,178122,UDS,3.77,74.22,74.17,20.00,0.00,0.00,0.00,3.77,94.22,UDS,COST_STABLE
1437,23382691464000,512,169216,UDS,3.77,85.84,85.79,20.00,0.00,0.00,0.00,3.77,105.84,UDS,COST_STABLE
1438,23382691467000,512,160755,UDS,3.77,99.77,99.72,20.00,0.00,0.00,0.00,3.77,119.77,UDS,COST_STABLE
1439,23382691470000,512,152718,UDS,3.77,115.42,115.37,20.00,0.00,0.00,0.00,3.77,135.42,UDS,COST_STABLE
1440,23382691473000,512,145082,UDS,3.77,132.77,132.72,20.00,0.00,0.00,0.00,3.77,152.77,UDS,COST_STABLE
1441,23382691476000,512,137828,UDS,3.77,151.74,151.68,20.00,0.00,0.00,0.00,3.77,171.74,UDS,COST_STABLE
1442,23382691478000,512,130936,UDS,3.77,168.32,168.27,20.00,0.00,0.00,0.00,3.77,188.32,UDS,COST_STABLE
1443,23382691481000,512,124389,UDS,3.77,189.49,189.43,20.00,0.00,0.00,0.00,3.77,209.49,UDS,COST_STABLE
1444,23382691484000,512,118170,UDS,3.77,211.28,211.23,20.00,0.00,0.00,0.00,3.77,231.28,UDS,COST_STABLE
1445,23382691486000,512,112261,UDS,3.77,225.14,225.08,20.00,0.00,0.00,0.00,3.77,245.14,UDS,COST_STABLE
1446,23382691489000,512,106648,UDS,3.77,246.28,246.22,20.00,0.00,0.00,0.00,3.77,266.28,UDS,COST_STABLE
1447,23382691492000,512,101316,UDS,3.77,266.22,266.17,20.00,0.00,0.00,0.00,3.77,286.22,UDS,COST_STABLE
1448,23382691494000,512,96250,UDS,3.77,270.64,270.58,20.00,0.00,0.00,0.00,3.77,290.64,UDS,COST_STABLE
1449,23382691497000,512,91438,UDS,3.77,286.96,286.91,20.00,0.00,0.00,0.00,3.77,306.96,UDS,COST_STABLE
1450,23382691500000,512,86866,UDS,3.77,300.53,300.47,20.00,0.00,0.00,0.00,3.77,320.53,UDS,COST_STABLE
1451,23382691503000,512,82522,UDS,3.77,310.97,310.92,20.00,0.00,0.00,0.00,3.77,330.97,UDS,COST_STABLE
1452,23382691506000,512,78396,UDS,3.77,318.14,318.09,20.00,0.00,0.00,0.00,3.77,338.14,UDS,COST_STABLE
1453,23382691509000,512,74476,UDS,3.77,322.04,321.99,20.00,0.00,0.00,0.00,3.77,342.04,UDS,COST_STABLE
1454,23382691512000,512,70752,UDS,3.77,322.86,322.81,20.00,0.00,0.00,0.00,3.77,342.86,UDS,COST_STABLE
1455,23382691515000,512,67215,UDS,3.77,320.93,320.88,20.00,0.00,0.00,0.00,3.77,340.93,UDS,COST_STABLE
1456,23382691518000,512,63854,UDS,3.77,316.61,316.56,20.00,0.00,0.00,0.00,3.77,336.61,UDS,COST_STABLE
1457,23382691522000,512,60661,UDS,3.77,324.49,324.44,20.00,0.00,0.00,0.00,3.77,344.49,UDS,COST_STABLE
1458,23382691524000,512,57628,UDS,3.77,287.08,287.03,20.00,0.00,0.00,0.00,3.77,307.08,UDS,COST_STABLE
1459,23382691527000,512,54747,UDS,3.77,281.16,281.11,20.00,0.00,0.00,0.00,3.77,301.16,UDS,COST_STABLE
1460,23382691530000,512,52009,UDS,3.77,273.87,273.82,20.00,0.00,0.00,0.00,3.77,293.87,UDS,COST_STABLE
1461,23382691533000,512,49409,UDS,3.77,265.57,265.52,20.00,0.00,0.00,0.00,3.77,285.57,UDS,COST_STABLE
1462,23382691537000,512,46938,UDS,3.77,269.09,269.04,20.00,0.00,0.00,0.00,3.77,289.09,UDS,COST_STABLE
1463,23382691540000,512,44592,UDS,3.77,256.76,256.71,20.00,0.00,0.00,0.00,3.77,276.76,UDS,COST_STABLE
1464,23382691542000,512,42362,UDS,3.77,222.82,222.76,20.00,0.00,0.00,0.00,3.77,242.82,UDS,COST_STABLE
1465,23382691545000,512,40244,UDS,3.77,216.11,216.06,20.00,0.00,0.00,0.00,3.77,236.11,UDS,COST_STABLE
1466,23382691548000,512,38232,UDS,3.77,208.80,208.75,20.00,0.00,0.00,0.00,3.77,228.80,UDS,COST_STABLE
1467,23382691550000,512,36320,UDS,3.77,183.75,183.70,20.00,0.00,0.00,0.00,3.77,203.75,UDS,COST_STABLE
1468,23382691554000,512,34504,UDS,3.77,187.81,187.75,20.00,0.00,0.00,0.00,3.77,207.81,UDS,COST_STABLE
1469,23382691556000,512,32779,UDS,3.77,165.42,165.37,20.00,0.00,0.00,0.00,3.77,185.42,UDS,COST_STABLE
1470,23382691559000,512,31140,UDS,3.77,161.64,161.59,20.00,0.00,0.00,0.00,3.77,181.64,UDS,COST_STABLE
1471,23382691562000,512,29583,UDS,3.77,157.16,157.11,20.00,0.00,0.00,0.00,3.77,177.16,UDS,COST_STABLE
1472,23382691564000,512,28104,UDS,3.77,139.29,139.24,20.00,0.00,0.00,0.00,3.77,159.29,UDS,COST_STABLE
1473,23382691567000,512,26698,UDS,3.77,136.54,136.49,20.00,0.00,0.00,0.00,3.77,156.54,UDS,COST_STABLE
1474,23382691570000,512,25363,UDS,3.77,133.11,133.06,20.00,0.00,0.00,0.00,3.77,153.11,UDS,COST_STABLE
1475,23382691572000,512,24095,UDS,3.77,118.34,118.29,20.00,0.00,0.00,0.00,3.77,138.34,UDS,COST_STABLE
1476,23382691575000,512,22890,UDS,3.77,116.19,116.14,20.00,0.00,0.00,0.00,3.77,136.19,UDS,COST_STABLE
1477,23382691578000,512,21746,UDS,3.77,113.43,113.38,20.00,0.00,0.00,0.00,3.77,133.43,UDS,COST_STABLE
1478,23382691581000,512,20659,UDS,3.77,110.19,110.14,20.00,0.00,0.00,0.00,3.77,130.19,UDS,COST_STABLE
1479,23382691584000,512,19626,UDS,3.77,106.60,106.55,20.00,0.00,0.00,0.00,3.77,126.60,UDS,COST_STABLE
1480,23382691586000,512,18644,UDS,3.77,93.95,93.90,20.00,0.00,0.00,0.00,3.77,113.95,UDS,COST_STABLE
1481,23382691589000,512,17712,UDS,3.77,91.83,91.78,20.00,0.00,0.00,0.00,3.77,111.83,UDS,COST_STABLE
1482,23382691592000,512,16826,UDS,3.77,89.31,89.26,20.00,0.00,0.00,0.00,3.77,109.31,UDS,COST_STABLE
1483,23382691595000,512,15985,UDS,3.77,86.48,86.43,20.00,0.00,0.00,0.00,3.77,106.48,UDS,COST_STABLE
1484,23382691597000,512,15186,UDS,3.77,76.30,76.25,20.00,0.00,0.00,0.00,3.77,96.30,UDS,COST_STABLE
1485,23382691600000,512,14427,UDS,3.77,74.63,74.57,20.00,0.00,0.00,0.00,3.77,94.63,UDS,COST_STABLE
1486,23382691603000,512,13705,UDS,3.77,72.60,72.55,20.00,0.00,0.00,0.00,3.77,92.60,UDS,COST_STABLE
1487,23382691606000,512,13020,UDS,3.77,70.33,70.28,20.00,0.00,0.00,0.00,3.77,90.33,UDS,COST_STABLE
1488,23382691608000,512,12369,UDS,3.77,62.08,62.03,20.00,0.00,0.00,0.00,3.77,82.08,UDS,COST_STABLE
1489,23382691611000,512,11750,UDS,3.77,60.73,60.67,20.00,0.00,0.00,0.00,3.77,80.73,UDS,COST_STABLE
1490,23382691613000,512,11163,UDS,3.77,54.21,54.16,20.00,0.00,0.00,0.00,3.77,74.21,UDS,COST_STABLE
1491,23382691617000,512,10605,UDS,3.77,55.72,55.67,20.00,0.00,0.00,0.00,3.77,75.72,UDS,COST_STABLE
1492,23382691620000,512,10074,UDS,3.77,54.06,54.01,20.00,0.00,0.00,0.00,3.77,74.06,UDS,COST_STABLE
1493,23382691623000,512,9571,UDS,3.77,52.25,52.20,20.00,0.00,0.00,0.00,3.77,72.25,UDS,COST_STABLE
1494,23382691627000,512,9092,UDS,3.77,52.82,52.77,20.00,0.00,0.00,0.00,3.77,72.82,UDS,COST_STABLE
1495,23382691631000,512,8637,UDS,3.77,52.90,52.85,20.00,0.00,0.00,0.00,3.77,72.90,UDS,COST_STABLE
1496,23382691633000,512,8206,UDS,3.77,45.15,45.10,20.00,0.00,0.00,0.00,3.77,65.15,UDS,COST_STABLE
1497,23382691635000,512,7795,UDS,3.77,39.67,39.62,20.00,0.00,0.00,0.00,3.77,59.67,UDS,COST_STABLE
1498,23382691638000,512,7405,UDS,3.77,38.71,38.66,20.00,0.00,0.00,0.00,3.77,58.71,UDS,COST_STABLE
1499,23382691643000,512,7035,UDS,3.77,40.55,40.50,20.00,0.00,0.00,0.00,3.77,60.55,UDS,COST_STABLE
1500,23382691646000,512,6683,UDS,3.77,38.66,38.61,20.00,0.00,0.00,0.00,3.77,58.66,UDS,COST_STABLE
1501,23382691649000,512,6349,UDS,3.77,36.83,36.78,20.00,0.00,0.00,0.00,3.77,56.83,UDS,COST_STABLE
1502,23382691653000,512,6032,UDS,3.77,36.90,36.85,20.00,0.00,0.00,0.00,3.77,56.90,UDS,COST_STABLE
1503,23382691655000,512,5730,UDS,3.77,31.51,31.46,20.00,0.00,0.00,0.00,3.77,51.51,UDS,COST_STABLE
1504,23382691657000,512,5444,UDS,3.77,27.70,27.65,20.00,0.00,0.00,0.00,3.77,47.70,UDS,COST_STABLE
1505,23382691660000,512,5171,UDS,3.77,27.03,26.98,20.00,0.00,0.00,0.00,3.77,47.03,UDS,COST_STABLE
1506,23382691664000,512,4913,UDS,3.77,27.51,27.46,20.00,0.00,0.00,0.00,3.77,47.51,UDS,COST_STABLE
1507,23382691667000,512,4667,UDS,3.77,26.38,26.33,20.00,0.00,0.00,0.00,3.77,46.38,UDS,COST_STABLE
1508,23382691671000,512,4434,UDS,3.77,26.54,26.48,20.00,0.00,0.00,0.00,3.77,46.54,UDS,COST_STABLE
1509,23382691673000,512,4212,UDS,3.77,22.80,22.75,20.00,0.00,0.00,0.00,3.77,42.80,UDS,COST_STABLE
1510,23382691676000,512,4001,UDS,3.77,22.01,21.95,20.00,0.00,0.00,0.00,3.77,42.01,UDS,COST_STABLE
1511,23382691680000,512,3801,UDS,3.77,22.23,22.18,20.00,0.00,0.00,0.00,3.77,42.23,UDS,COST_STABLE
1512,23382691682000,512,3611,UDS,3.77,19.23,19.18,20.00,0.00,0.00,0.00,3.77,39.23,UDS,COST_STABLE
1513,23382691685000,512,3431,UDS,3.77,18.62,18.57,20.00,0.00,0.00,0.00,3.77,38.62,UDS,COST_STABLE
1514,23382691688000,512,3259,UDS,3.77,17.96,17.91,20.00,0.00,0.00,0.00,3.77,37.96,UDS,COST_STABLE
1515,23382691691000,512,3096,UDS,3.77,17.28,17.23,20.00,0.00,0.00,0.00,3.77,37.28,UDS,COST_STABLE
1516,23382691694000,512,2941,UDS,3.77,16.58,16.53,20.00,0.00,0.00,0.00,3.77,36.58,UDS,COST_STABLE
1517,23382691696000,512,2794,UDS,3.77,14.49,14.44,20.00,0.00,0.00,0.00,3.77,34.49,UDS,COST_STABLE
1518,23382691699000,512,2654,UDS,3.77,14.10,14.05,20.00,0.00,0.00,0.00,3.77,34.10,UDS,COST_STABLE
1519,23382691702000,512,2522,UDS,3.77,13.66,13.61,20.00,0.00,0.00,0.00,3.77,33.66,UDS,COST_STABLE
1520,23382691705000,512,2396,UDS,3.77,13.19,13.14,20.00,0.00,0.00,0.00,3.77,33.19,UDS,COST_STABLE
1521,23382691708000,512,2276,UDS,3.77,12.69,12.64,20.00,0.00,0.00,0.00,3.77,32.69,UDS,COST_STABLE
1522,23382691711000,512,2162,UDS,3.77,12.19,12.14,20.00,0.00,0.00,0.00,3.77,32.19,UDS,COST_STABLE
1523,23382691714000,512,2054,UDS,3.77,11.68,11.63,20.00,0.00,0.00,0.00,3.77,31.68,UDS,COST_STABLE
1524,23382691717000,512,1951,UDS,3.77,11.17,11.12,20.00,0.00,0.00,0.00,3.77,31.17,UDS,COST_STABLE
1525,23382691720000,512,1854,UDS,3.77,10.68,10.62,20.00,0.00,0.00,0.00,3.77,30.68,UDS,COST_STABLE
1526,23382691723000,512,1761,UDS,3.77,10.19,10.14,20.00,0.00,0.00,0.00,3.77,30.19,UDS,COST_STABLE
1527,23382691726000,512,1673,UDS,3.77,9.72,9.66,20.00,0.00,0.00,0.00,3.77,29.72,UDS,COST_STABLE
1528,23382691729000,512,1589,UDS,3.77,9.26,9.20,20.00,0.00,0.00,0.00,3.77,29.26,UDS,COST_STABLE
1529,23382691731000,512,1510,UDS,3.77,8.03,7.98,20.00,0.00,0.00,0.00,3.77,28.03,UDS,COST_STABLE
1530,23382691734000,512,1434,UDS,3.77,7.78,7.73,20.00,0.00,0.00,0.00,3.77,27.78,UDS,COST_STABLE
1531,23382691737000,512,1362,UDS,3.77,7.51,7.46,20.00,0.00,0.00,0.00,3.77,27.51,UDS,COST_STABLE
1532,23382691740000,512,1294,UDS,3.77,7.23,7.18,20.00,0.00,0.00,0.00,3.77,27.23,UDS,COST_STABLE
1533,23382691744000,512,1230,UDS,3.77,7.30,7.25,20.00,0.00,0.00,0.00,3.77,27.30,UDS,COST_STABLE
1534,23382691746000,512,1168,UDS,3.77,6.30,6.25,20.00,0.00,0.00,0.00,3.77,26.30,UDS,COST_STABLE
1535,23382691748000,512,1110,UDS,3.77,5.58,5.53,20.00,0.00,0.00,0.00,3.77,25.58,UDS,COST_STABLE
1536,23382691751000,512,1054,UDS,3.77,5.46,5.41,20.00,0.00,0.00,0.00,3.77,25.46,UDS,COST_STABLE
1537,23382691754000,512,1001,UDS,3.77,5.32,5.27,20.00,0.00,0.00,0.00,3.77,25.32,UDS,COST_STABLE
1538,23382691757000,512,951,UDS,3.77,5.16,5.11,20.00,0.00,0.00,0.00,3.77,25.16,UDS,COST_STABLE
1539,23382691760000,512,904,UDS,3.77,4.99,4.94,20.00,0.00,0.00,0.00,3.77,24.99,UDS,COST_STABLE
1540,23382691763000,512,858,UDS,3.77,4.80,4.75,20.00,0.00,0.00,0.00,3.77,24.80,UDS,COST_STABLE
1541,23382691766000,512,816,UDS,3.77,4.62,4.57,20.00,0.00,0.00,0.00,3.77,24.62,UDS,COST_STABLE
1542,23382691768000,512,775,UDS,3.77,4.05,3.99,20.00,0.00,0.00,0.00,3.77,24.05,UDS,COST_STABLE
1543,23382691771000,512,736,UDS,3.77,3.94,3.89,20.00,0.00,0.00,0.00,3.77,23.94,UDS,COST_STABLE
1544,23382691774000,512,699,UDS,3.77,3.82,3.77,20.00,0.00,0.00,0.00,3.77,23.82,UDS,COST_STABLE
1545,23382691776000,512,664,UDS,3.77,3.38,3.32,20.00,0.00,0.00,0.00,3.77,23.38,UDS,COST_STABLE
1546,23382691779000,512,631,UDS,3.77,3.31,3.25,20.00,0.00,0.00,0.00,3.77,23.31,UDS,COST_STABLE
1547,23382691782000,512,599,UDS,3.77,3.22,3.17,20.00,0.00,0.00,0.00,3.77,23.22,UDS,COST_STABLE
1548,23382691784000,512,569,UDS,3.77,2.86,2.81,20.00,0.00,0.00,0.00,3.77,22.86,UDS,COST_STABLE
1549,23382691787000,512,541,UDS,3.77,2.81,2.76,20.00,0.00,0.00,0.00,3.77,22.81,UDS,COST_STABLE
1550,23382691790000,512,514,UDS,3.77,2.74,2.69,20.00,0.00,0.00,0.00,3.77,22.74,UDS,COST_STABLE
1551,23382691792000,512,488,UDS,3.77,2.44,2.39,20.00,0.00,0.00,0.00,3.77,22.44,UDS,COST_STABLE
1552,23382691796000,512,464,UDS,3.77,2.51,2.46,20.00,0.00,0.00,0.00,3.77,22.51,UDS,COST_STABLE
1553,23382691798000,512,440,UDS,3.77,2.23,2.18,20.00,0.00,0.00,0.00,3.77,22.23,UDS,COST_STABLE
1554,23382691801000,512,418,UDS,3.77,2.18,2.13,20.00,0.00,0.00,0.00,3.77,22.18,UDS,COST_STABLE
1555,23382691803000,512,397,UDS,3.77,1.96,1.91,20.00,0.00,0.00,0.00,3.77,21.96,UDS,COST_STABLE
1556,23382691806000,512,378,UDS,3.77,1.94,1.89,20.00,0.00,0.00,0.00,3.77,21.94,UDS,COST_STABLE
1557,23382691809000,512,359,UDS,3.77,1.90,1.85,20.00,0.00,0.00,0.00,3.77,21.90,UDS,COST_STABLE
1558,23382691812000,512,341,UDS,3.77,1.85,1.80,20.00,0.00,0.00,0.00,3.77,21.85,UDS,COST_STABLE
1559,23382691815000,512,324,UDS,3.77,1.79,1.74,20.00,0.00,0.00,0.00,3.77,21.79,UDS,COST_STABLE
1560,23382691817000,512,307,UDS,3.77,1.59,1.54,20.00,0.00,0.00,0.00,3.77,21.59,UDS,COST_STABLE
1561,23382691820000,512,292,UDS,3.77,1.56,1.50,20.00,0.00,0.00,0.00,3.77,21.56,UDS,COST_STABLE
1562,23382691823000,512,277,UDS,3.77,1.51,1.46,20.00,0.00,0.00,0.00,3.77,21.51,UDS,COST_STABLE
1563,23382691826000,512,264,UDS,3.77,1.47,1.42,20.00,0.00,0.00,0.00,3.77,21.47,UDS,COST_STABLE
1564,23382691829000,512,250,UDS,3.77,1.42,1.37,20.00,0.00,0.00,0.00,3.77,21.42,UDS,COST_STABLE
1565,23382691832000,512,238,UDS,3.77,1.37,1.32,20.00,0.00,0.00,0.00,3.77,21.37,UDS,COST_STABLE
1566,23382691835000,512,226,UDS,3.77,1.32,1.27,20.00,0.00,0.00,0.00,3.77,21.32,UDS,COST_STABLE
1567,23382691838000,512,215,UDS,3.77,1.27,1.22,20.00,0.00,0.00,0.00,3.77,21.27,UDS,COST_STABLE
1568,23382691841000,512,204,UDS,3.77,1.21,1.16,20.00,0.00,0.00,0.00,3.77,21.21,UDS,COST_STABLE
1569,23382691843000,512,194,UDS,3.77,1.06,1.01,20.00,0.00,0.00,0.00,3.77,21.06,UDS,COST_STABLE
1570,23382691847000,512,184,UDS,3.77,1.08,1.03,20.00,0.00,0.00,0.00,3.77,21.08,UDS,COST_STABLE
1571,23382691849000,512,175,UDS,3.77,0.95,0.90,20.00,0.00,0.00,0.00,3.77,20.95,UDS,COST_STABLE
1572,23382691852000,512,166,UDS,3.77,0.93,0.88,20.00,0.00,0.00,0.00,3.77,20.93,UDS,COST_STABLE
1573,23382691854000,512,158,UDS,3.77,0.83,0.78,20.00,0.00,0.00,0.00,3.77,20.83,UDS,COST_STABLE
1574,23382691856000,512,150,UDS,3.77,0.75,0.70,20.00,0.00,0.00,0.00,3.77,20.75,UDS,COST_STABLE
1575,23382691859000,512,142,UDS,3.77,0.74,0.69,20.00,0.00,0.00,0.00,3.77,20.74,UDS,COST_STABLE
1576,23382691861000,512,135,UDS,3.77,0.68,0.63,20.00,0.00,0.00,0.00,3.77,20.68,UDS,COST_STABLE
1577,23382691864000,512,128,UDS,3.77,0.67,0.62,20.00,0.00,0.00,0.00,3.77,20.67,UDS,COST_STABLE
1578,23382691866000,512,122,UDS,3.77,0.62,0.56,20.00,0.00,0.00,0.00,3.77,20.62,UDS,COST_STABLE
1579,23382691869000,512,116,UDS,3.77,0.61,0.56,20.00,0.00,0.00,0.00,3.77,20.61,UDS,COST_STABLE
1580,23382691872000,512,110,UDS,3.77,0.60,0.55,20.00,0.00,0.00,0.00,3.77,20.60,UDS,COST_STABLE
1581,23382691874000,512,104,UDS,3.77,0.54,0.49,20.00,0.00,0.00,0.00,3.77,20.54,UDS,COST_STABLE
1582,23382691878000,512,99,UDS,3.77,0.56,0.51,20.00,0.00,0.00,0.00,3.77,20.56,UDS,COST_STABLE
1583,23382691883000,512,94,UDS,3.77,0.59,0.53,20.00,0.00,0.00,0.00,3.77,20.59,UDS,COST_STABLE
1584,23382691891000,512,89,UDS,3.77,0.63,0.58,20.00,0.00,0.00,0.00,3.77,20.63,UDS,COST_STABLE
1585,23382691895000,512,85,UDS,3.77,0.62,0.57,20.00,0.00,0.00,0.00,3.77,20.62,UDS,COST_STABLE
1586,23382691897000,512,81,UDS,3.77,0.53,0.48,20.00,0.00,0.00,0.00,3.77,20.53,UDS,COST_STABLE
1587,23382691899000,512,77,UDS,3.77,0.46,0.41,20.00,0.00,0.00,0.00,3.77,20.46,UDS,COST_STABLE
1588,23382691902000,512,73,UDS,3.77,0.45,0.40,20.00,0.00,0.00,0.00,3.77,20.45,UDS,COST_STABLE
1589,23382691905000,512,69,UDS,3.77,0.43,0.38,20.00,0.00,0.00,0.00,3.77,20.43,UDS,COST_STABLE
1590,23382691908000,512,66,UDS,3.77,0.42,0.37,20.00,0.00,0.00,0.00,3.77,20.42,UDS,COST_STABLE
1591,23382691911000,512,62,UDS,3.77,0.40,0.35,20.00,0.00,0.00,0.00,3.77,20.40,UDS,COST_STABLE
1592,23382691913000,512,59,UDS,3.77,0.36,0.31,20.00,0.00,0.00,0.00,3.77,20.36,UDS,COST_STABLE
1593,23382691916000,512,56,UDS,3.77,0.35,0.30,20.00,0.00,0.00,0.00,3.77,20.35,UDS,COST_STABLE
1594,23382691919000,512,53,UDS,3.77,0.34,0.29,20.00,0.00,0.00,0.00,3.77,20.34,UDS,COST_STABLE
1595,23382691921000,512,51,UDS,3.77,0.31,0.26,20.00,0.00,0.00,0.00,3.77,20.31,UDS,COST_STABLE
1596,23382691924000,512,48,UDS,3.77,0.30,0.25,20.00,0.00,0.00,0.00,3.77,20.30,UDS,COST_STABLE
1597,23382691926000,512,46,UDS,3.77,0.28,0.22,20.00,0.00,0.00,0.00,3.77,20.28,UDS,COST_STABLE
1598,23382691928000,512,43,UDS,3.77,0.25,0.20,20.00,0.00,0.00,0.00,3.77,20.25,UDS,COST_STABLE
1599,23382691931000,512,41,UDS,3.77,0.25,0.20,20.00,0.00,0.00,0.00,3.77,20.25,UDS,COST_STABLE
1600,23382691933000,512,39,UDS,3.77,0.23,0.18,20.00,0.00,0.00,0.00,3.77,20.23,UDS,COST_STABLE
1601,23382691937000,512,37,UDS,3.77,0.24,0.19,20.00,0.00,0.00,0.00,3.77,20.24,UDS,COST_STABLE
1602,23382691939000,512,35,UDS,3.77,0.22,0.17,20.00,0.00,0.00,0.00,3.77,20.22,UDS,COST_STABLE
1603,23382691942000,512,33,UDS,3.77,0.21,0.16,20.00,0.00,0.00,0.00,3.77,20.21,UDS,COST_STABLE
1604,23382691944000,512,32,UDS,3.77,0.20,0.15,20.00,0.00,0.00,0.00,3.77,20.20,UDS,COST_STABLE
1605,23382691947000,512,30,UDS,3.77,0.20,0.15,20.00,0.00,0.00,0.00,3.77,20.20,UDS,COST_STABLE
1606,23382691949000,512,29,UDS,3.77,0.19,0.13,20.00,0.00,0.00,0.00,3.77,20.19,UDS,COST_STABLE
1607,23382691951000,512,27,UDS,3.77,0.17,0.12,20.00,0.00,0.00,0.00,3.77,20.17,UDS,COST_STABLE
1608,23382691953000,512,26,UDS,3.77,0.17,0.11,20.00,0.00,0.00,0.00,3.77,20.17,UDS,COST_STABLE
1609,23382691955000,512,24,UDS,3.77,0.15,0.10,20.00,0.00,0.00,0.00,3.77,20.15,UDS,COST_STABLE
1610,23382691957000,512,23,UDS,3.77,0.15,0.10,20.00,0.00,0.00,0.00,3.77,20.15,UDS,COST_STABLE
1611,23382691959000,512,22,UDS,3.77,0.14,0.09,20.00,0.00,0.00,0.00,3.77,20.14,UDS,COST_STABLE
1612,23382691962000,512,21,UDS,3.77,0.14,0.09,20.00,0.00,0.00,0.00,3.77,20.14,UDS,COST_STABLE
1613,23382691964000,512,20,UDS,3.77,0.14,0.09,20.00,0.00,0.00,0.00,3.77,20.14,UDS,COST_STABLE
1614,23382691966000,512,19,UDS,3.77,0.13,0.08,20.00,0.00,0.00,0.00,3.77,20.13,UDS,COST_STABLE
1615,23382691968000,512,18,UDS,3.77,0.13,0.07,20.00,0.00,0.00,0.00,3.77,20.13,UDS,COST_STABLE
1616,23382691970000,512,17,UDS,3.77,0.12,0.07,20.00,0.00,0.00,0.00,3.77,20.12,UDS,COST_STABLE
1617,23382691972000,512,16,UDS,3.77,0.12,0.06,20.00,0.00,0.00,0.00,3.77,20.12,UDS,COST_STABLE
1618,23382691974000,512,15,UDS,3.77,0.11,0.06,20.00,0.00,0.00,0.00,3.77,20.11,UDS,COST_STABLE
1619,23382691977000,512,14,UDS,3.77,0.11,0.06,20.00,0.00,0.00,0.00,3.77,20.11,UDS,COST_STABLE
1620,23382691980000,512,14,UDS,3.77,0.12,0.06,20.00,0.00,0.00,0.00,3.77,20.12,UDS,COST_STABLE
1621,23382691986000,512,13,UDS,3.77,0.12,0.07,20.00,0.00,0.00,0.00,3.77,20.12,UDS,COST_STABLE
1622,23382691997000,512,12,UDS,3.77,0.12,0.07,20.00,0.00,0.00,0.00,3.77,20.12,UDS,COST_STABLE
1623,23382692001000,512,12,UDS,3.77,0.13,0.08,20.00,0.00,0.00,0.00,3.77,20.13,UDS,COST_STABLE
1624,23382692003000,512,11,UDS,3.77,0.11,0.06,20.00,0.00,0.00,0.00,3.77,20.11,UDS,COST_STABLE
1625,23382692007000,512,10,UDS,3.77,0.11,0.06,20.00,0.00,0.00,0.00,3.77,20.11,UDS,COST_STABLE
1626,23382692010000,512,10,UDS,3.77,0.11,0.06,20.00,0.00,0.00,0.00,3.77,20.11,UDS,COST_STABLE
1627,23382692013000,512,9,UDS,3.77,0.11,0.05,20.00,0.00,0.00,0.00,3.77,20.11,UDS,COST_STABLE
1628,23382692016000,512,9,UDS,3.77,0.11,0.05,20.00,0.00,0.00,0.00,3.77,20.11,UDS,COST_STABLE
1629,23382692019000,512,8,UDS,3.77,0.10,0.05,20.00,0.00,0.00,0.00,3.77,20.10,UDS,COST_STABLE
1630,23382692043000,512,8,UDS,3.77,0.11,0.06,20.00,0.00,0.00,0.00,3.77,20.11,UDS,COST_STABLE
1631,23382692062000,512,8,UDS,3.77,0.12,0.07,20.00,0.00,0.00,0.00,3.77,20.12,UDS,COST_STABLE
1632,23382692072000,512,7,UDS,3.77,0.12,0.07,20.00,0.00,0.00,0.00,3.77,20.12,UDS,COST_STABLE
1633,23382692082000,512,7,UDS,3.77,0.13,0.07,20.00,0.00,0.00,0.00,3.77,20.13,UDS,COST_STABLE
1634,23382692096000,512,6,UDS,3.77,0.13,0.07,20.00,0.00,0.00,0.00,3.77,20.13,UDS,COST_STABLE
1635,23382692118000,512,6,UDS,3.77,0.14,0.09,20.00,0.00,0.00,0.00,3.77,20.14,UDS,COST_STABLE
1636,23382692126000,512,6,UDS,3.77,0.14,0.09,20.00,0.00,0.00,0.00,3.77,20.14,UDS,COST_STABLE
1637,23382692133000,512,5,UDS,3.77,0.12,0.07,20.00,0.00,0.00,0.00,3.77,20.12,UDS,COST_STABLE
1638,23382692171000,512,5,UDS,3.77,0.14,0.09,20.00,0.00,0.00,0.00,3.77,20.14,UDS,COST_STABLE
1639,23382692189000,512,5,UDS,3.77,0.15,0.10,20.00,0.00,0.00,0.00,3.77,20.15,UDS,COST_STABLE
1640,23382692201000,512,5,UDS,3.77,0.15,0.10,20.00,0.00,0.00,0.00,3.77,20.15,UDS,COST_STABLE
1641,23382692213000,512,4,UDS,3.77,0.13,0.08,20.00,0.00,0.00,0.00,3.77,20.13,UDS,COST_STABLE
1642,23382692223000,512,4,UDS,3.77,0.13,0.08,20.00,0.00,0.00,0.00,3.77,20.13,UDS,COST_STABLE
1643,23382692232000,512,4,UDS,3.77,0.13,0.08,20.00,0.00,0.00,0.00,3.77,20.13,UDS,COST_STABLE
1644,23382692255000,512,4,UDS,3.77,0.13,0.08,20.00,0.00,0.00,0.00,3.77,20.13,UDS,COST_STABLE
1645,23382692264000,512,3,UDS,3.77,0.11,0.06,20.00,0.00,0.00,0.00,3.77,20.11,UDS,COST_STABLE
1646,23382692271000,512,3,UDS,3.77,0.11,0.06,20.00,0.00,0.00,0.00,3.77,20.11,UDS,COST_STABLE
1647,23382692280000,512,3,UDS,3.77,0.11,0.06,20.00,0.00,0.00,0.00,3.77,20.11,UDS,COST_STABLE
1648,23382692287000,512,3,UDS,3.77,0.10,0.05,20.00,0.00,0.00,0.00,3.77,20.10,UDS,COST_STABLE
1649,23382692308000,512,3,UDS,3.77,0.11,0.06,20.00,0.00,0.00,0.00,3.77,20.11,UDS,COST_STABLE
1650,23382692314000,512,3,UDS,3.77,0.10,0.05,20.00,0.00,0.00,0.00,3.77,20.10,UDS,COST_STABLE
1651,23382692317000,512,2,UDS,3.77,0.08,0.02,20.00,0.00,0.00,0.00,3.77,20.08,UDS,COST_STABLE
1652,23382692320000,512,2,UDS,3.77,0.07,0.02,20.00,0.00,0.00,0.00,3.77,20.07,UDS,COST_STABLE
1653,23382692322000,512,2,UDS,3.77,0.07,0.02,20.00,0.00,0.00,0.00,3.77,20.07,UDS,COST_STABLE
1654,23382692325000,512,2,UDS,3.77,0.07,0.01,20.00,0.00,0.00,0.00,3.77,20.07,UDS,COST_STABLE
1655,23382692328000,512,2,UDS,3.77,0.07,0.01,20.00,0.00,0.00,0.00,3.77,20.07,UDS,COST_STABLE
1656,23382692330000,512,2,UDS,3.77,0.06,0.01,20.00,0.00,0.00,0.00,3.77,20.06,UDS,COST_STABLE
1657,23382692333000,512,2,UDS,3.77,0.06,0.01,20.00,0.00,0.00,0.00,3.77,20.06,UDS,COST_STABLE
1658,23382692336000,512,2,UDS,3.77,0.06,0.01,20.00,0.00,0.00,0.00,3.77,20.06,UDS,COST_STABLE
1659,23382692338000,512,1,UDS,3.77,0.06,0.01,20.00,0.00,0.00,0.00,3.77,20.06,UDS,COST_STABLE
1660,23382692341000,512,1,UDS,3.77,0.06,0.01,20.00,0.00,0.00,0.00,3.77,20.06,UDS,COST_STABLE
1661,23382692344000,512,1,UDS,3.77,0.06,0.01,20.00,0.00,0.00,0.00,3.77,20.06,UDS,COST_STABLE
1662,23382692347000,512,1,UDS,3.77,0.06,0.01,20.00,0.00,0.00,0.00,3.77,20.06,UDS,COST_STABLE
1663,23382692349000,512,1,UDS,3.77,0.06,0.01,20.00,0.00,0.00,0.00,3.77,20.06,UDS,COST_STABLE
1664,23382692352000,512,1,UDS,3.77,0.06,0.01,20.00,0.00,0.00,0.00,3.77,20.06,UDS,COST_STABLE
1665,23382692355000,512,1,UDS,3.77,0.06,0.01,20.00,0.00,0.00,0.00,3.77,20.06,UDS,COST_STABLE
1666,23382692358000,512,1,UDS,3.77,0.06,0.01,20.00,0.00,0.00,0.00,3.77,20.06,UDS,COST_STABLE
1667,23382692361000,512,1,UDS,3.77,0.06,0.01,20.00,0.00,0.00,0.00,3.77,20.06,UDS,COST_STABLE
1668,23382692364000,512,1,UDS,3.77,0.06,0.01,20.00,0.00,0.00,0.00,3.77,20.06,UDS,COST_STABLE
1669,23382692367000,512,1,UDS,3.77,0.06,0.01,20.00,0.00,0.00,0.00,3.77,20.06,UDS,COST_STABLE
1670,23382692369000,512,1,UDS,3.77,0.06,0.01,20.00,0.00,0.00,0.00,3.77,20.06,UDS,COST_STABLE
1671,23382692372000,512,1,UDS,3.77,0.06,0.01,20.00,0.00,0.00,0.00,3.77,20.06,UDS,COST_STABLE
1672,23382692374000,512,0,UDS,3.77,0.05,0.00,20.00,0.00,0.00,0.00,3.77,20.05,UDS,COST_STABLE
1673,23382692377000,512,0,UDS,3.77,0.05,0.00,20.00,0.00,0.00,0.00,3.77,20.05,UDS,COST_STABLE
1674,23382692379000,512,0,UDS,3.77,0.05,0.00,20.00,0.00,0.00,0.00,3.77,20.05,UDS,COST_STABLE
1675,23382692382000,512,0,UDS,3.77,0.05,0.00,20.00,0.00,0.00,0.00,3.77,20.05,UDS,COST_STABLE
1676,23382692384000,512,0,UDS,3.77,0.05,0.00,20.00,0.00,0.00,0.00,3.77,20.05,UDS,COST_STABLE
1677,23382692387000,512,0,UDS,3.77,0.05,0.00,20.00,0.00,0.00,0.00,3.77,20.05,UDS,COST_STABLE
1678,23382692389000,512,0,UDS,3.77,0.05,0.00,20.00,0.00,0.00,0.00,3.77,20.05,UDS,COST_STABLE
1679,23382692392000,512,0,UDS,3.77,0.05,0.00,20.00,0.00,0.00,0.00,3.77,20.05,UDS,COST_STABLE
1680,23382692395000,512,0,UDS,3.77,0.05,0.00,20.00,0.00,0.00,0.00,3.77,20.05,UDS,COST_STABLE
1681,23382692398000,512,0,UDS,3.77,0.05,0.00,20.00,0.00,0.00,0.00,3.77,20.05,UDS,COST_STABLE
1682,23382692401000,512,0,UDS,3.77,0.05,0.00,20.00,0.00,0.00,0.00,3.77,20.05,UDS,COST_STABLE
1683,23382692404000,512,0,UDS,3.77,0.05,0.00,20.00,0.00,0.00,0.00,3.77,20.05,UDS,COST_STABLE
1684,23382692406000,512,0,UDS,3.77,0.05,0.00,20.00,0.00,0.00,0.00,3.77,20.05,UDS,COST_STABLE
1685,23382692409000,512,0,UDS,3.77,0.05,0.00,20.00,0.00,0.00,0.00,3.77,20.05,UDS,COST_STABLE
1686,23382692412000,512,0,UDS,3.77,0.05,0.00,20.00,0.00,0.00,0.00,3.77,20.05,UDS,COST_STABLE
1687,23382692414000,512,0,UDS,3.77,0.05,0.00,20.00,0.00,0.00,0.00,3.77,20.05,UDS,COST_STABLE
1688,23382692417000,512,0,UDS,3.77,0.05,0.00,20.00,0.00,0.00,0.00,3.77,20.05,UDS,COST_STABLE
1689,23382692419000,512,0,UDS,3.77,0.05,0.00,20.00,0.00,0.00,0.00,3.77,20.05,UDS,COST_STABLE
1690,23382692422000,512,0,UDS,3.77,0.05,0.00,20.00,0.00,0.00,0.00,3.77,20.05,UDS,COST_STABLE
1691,23382692425000,512,0,UDS,3.77,0.05,0.00,20.00,0.00,0.00,0.00,3.77,20.05,UDS,COST_STABLE
1692,23382692427000,512,0,UDS,3.77,0.05,0.00,20.00,0.00,0.00,0.00,3.77,20.05,UDS,COST_STABLE
1693,23382692429000,512,0,UDS,3.77,0.05,0.00,20.00,0.00,0.00,0.00,3.77,20.05,UDS,COST_STABLE
1694,23382692432000,512,0,UDS,3.77,0.05,0.00,20.00,0.00,0.00,0.00,3.77,20.05,UDS,COST_STABLE
1695,23382692435000,512,0,UDS,3.77,0.05,0.00,20.00,0.00,0.00,0.00,3.77,20.05,UDS,COST_STABLE
1696,23382692437000,512,0,UDS,3.77,0.05,0.00,20.00,0.00,0.00,0.00,3.77,20.05,UDS,COST_STABLE
1697,23382692440000,512,0,UDS,3.77,0.05,0.00,20.00,0.00,0.00,0.00,3.77,20.05,UDS,COST_STABLE
1698,23382692442000,512,0,UDS,3.77,0.05,0.00,20.00,0.00,0.00,0.00,3.77,20.05,UDS,COST_STABLE
1699,23382692444000,512,0,UDS,3.77,0.05,0.00,20.00,0.00,0.00,0.00,3.77,20.05,UDS,COST_STABLE
1700,23382692453000,512,0,UDS,3.77,0.05,0.00,20.00,0.00,0.00,0.00,3.77,20.05,UDS,COST_STABLE
1701,23382692456000,512,0,UDS,3.77,0.05,0.00,20.00,0.00,0.00,0.00,3.77,20.05,UDS,COST_STABLE
1702,23382692459000,512,0,UDS,3.77,0.05,0.00,20.00,0.00,0.00,0.00,3.77,20.05,UDS,COST_STABLE
1703,23382692461000,512,0,UDS,3.77,0.05,0.00,20.00,0.00,0.00,0.00,3.77,20.05,UDS,COST_STABLE
1704,23382692463000,512,0,UDS,3.77,0.05,0.00,20.00,0.00,0.00,0.00,3.77,20.05,UDS,COST_STABLE
1705,23382692466000,512,0,UDS,3.77,0.05,0.00,20.00,0.00,0.00,0.00,3.77,20.05,UDS,COST_STABLE
1706,23382692469000,512,0,UDS,3.77,0.05,0.00,20.00,0.00,0.00,0.00,3.77,20.05,UDS,COST_STABLE
1707,23382692472000,512,0,UDS,3.77,0.05,0.00,20.00,0.00,0.00,0.00,3.77,20.05,UDS,COST_STABLE
1708,23382692474000,512,0,UDS,3.77,0.05,0.00,20.00,0.00,0.00,0.00,3.77,20.05,UDS,COST_STABLE
1709,23382692477000,512,0,UDS,3.77,0.05,0.00,20.00,0.00,0.00,0.00,3.77,20.05,UDS,COST_STABLE
1710,23382692480000,512,0,UDS,3.77,0.05,0.00,20.00,0.00,0.00,0.00,3.77,20.05,UDS,COST_STABLE
1711,23382692482000,512,0,UDS,3.77,0.05,0.00,20.00,0.00,0.00,0.00,3.77,20.05,UDS,COST_STABLE
1712,23382692484000,512,0,UDS,3.77,0.05,0.00,20.00,0.00,0.00,0.00,3.77,20.05,UDS,COST_STABLE
1713,23382692486000,512,0,UDS,3.77,0.05,0.00,20.00,0.00,0.00,0.00,3.77,20.05,UDS,COST_STABLE
1714,23382692488000,512,0,UDS,3.77,0.05,0.00,20.00,0.00,0.00,0.00,3.77,20.05,UDS,COST_STABLE
1715,23382692498000,512,0,UDS,3.77,0.05,0.00,20.00,0.00,0.00,0.00,3.77,20.05,UDS,COST_STABLE
1716,23382692500000,512,0,UDS,3.77,0.05,0.00,20.00,0.00,0.00,0.00,3.77,20.05,UDS,COST_STABLE
1717,23382692502000,512,0,UDS,3.77,0.05,0.00,20.00,0.00,0.00,0.00,3.77,20.05,UDS,COST_STABLE
1718,23382692505000,512,0,UDS,3.77,0.05,0.00,20.00,0.00,0.00,0.00,3.77,20.05,UDS,COST_STABLE
1719,23382692507000,512,0,UDS,3.77,0.05,0.00,20.00,0.00,0.00,0.00,3.77,20.05,UDS,COST_STABLE
1720,23382692510000,512,0,UDS,3.77,0.05,0.00,20.00,0.00,0.00,0.00,3.77,20.05,UDS,COST_STABLE
1721,23382692512000,512,0,UDS,3.77,0.05,0.00,20.00,0.00,0.00,0.00,3.77,20.05,UDS,COST_STABLE
1722,23382692515000,512,0,UDS,3.77,0.05,0.00,20.00,0.00,0.00,0.00,3.77,20.05,UDS,COST_STABLE
1723,23382692518000,512,0,UDS,3.77,0.05,0.00,20.00,0.00,0.00,0.00,3.77,20.05,UDS,COST_STABLE
1724,23382692520000,512,0,UDS,3.77,0.05,0.00,20.00,0.00,0.00,0.00,3.77,20.05,UDS,COST_STABLE
1725,23382692523000,512,0,UDS,3.77,0.05,0.00,20.00,0.00,0.00,0.00,3.77,20.05,UDS,COST_STABLE
1726,23382692532000,512,0,UDS,3.77,0.05,0.00,20.00,0.00,0.00,0.00,3.77,20.05,UDS,COST_STABLE
1727,23382692535000,512,0,UDS,3.77,0.05,0.00,20.00,0.00,0.00,0.00,3.77,20.05,UDS,COST_STABLE
1728,23382692540000,512,0,UDS,3.77,0.05,0.00,20.00,0.00,0.00,0.00,3.77,20.05,UDS,COST_STABLE
1729,23382692543000,512,0,UDS,3.77,0.05,0.00,20.00,0.00,0.00,0.00,3.77,20.05,UDS,COST_STABLE
1730,23382692545000,512,0,UDS,3.77,0.05,0.00,20.00,0.00,0.00,0.00,3.77,20.05,UDS,COST_STABLE
1731,23382692547000,512,0,UDS,3.77,0.05,0.00,20.00,0.00,0.00,0.00,3.77,20.05,UDS,COST_STABLE
1732,23382692550000,512,0,UDS,3.77,0.05,0.00,20.00,0.00,0.00,0.00,3.77,20.05,UDS,COST_STABLE
1733,23382692553000,512,0,UDS,3.77,0.05,0.00,20.00,0.00,0.00,0.00,3.77,20.05,UDS,COST_STABLE
1734,23382692555000,512,0,UDS,3.77,0.05,0.00,20.00,0.00,0.00,0.00,3.77,20.05,UDS,COST_STABLE
1735,23382692558000,512,0,UDS,3.77,0.05,0.00,20.00,0.00,0.00,0.00,3.77,20.05,UDS,COST_STABLE
1736,23382692560000,512,0,UDS,3.77,0.05,0.00,20.00,0.00,0.00,0.00,3.77,20.05,UDS,COST_STABLE
1737,23382692562000,512,0,UDS,3.77,0.05,0.00,20.00,0.00,0.00,0.00,3.77,20.05,UDS,COST_STABLE
1738,23382692565000,512,0,UDS,3.77,0.05,0.00,20.00,0.00,0.00,0.00,3.77,20.05,UDS,COST_STABLE
1739,23382692567000,512,0,UDS,3.77,0.05,0.00,20.00,0.00,0.00,0.00,3.77,20.05,UDS,COST_STABLE
1740,23382692569000,512,0,UDS,3.77,0.05,0.00,20.00,0.00,0.00,0.00,3.77,20.05,UDS,COST_STABLE
1741,23382692572000,512,0,UDS,3.77,0.05,0.00,20.00,0.00,0.00,0.00,3.77,20.05,UDS,COST_STABLE
1742,23382692574000,512,0,UDS,3.77,0.05,0.00,20.00,0.00,0.00,0.00,3.77,20.05,UDS,COST_STABLE
1743,23382692577000,512,0,UDS,3.77,0.05,0.00,20.00,0.00,0.00,0.00,3.77,20.05,UDS,COST_STABLE
1744,23382692580000,512,0,UDS,3.77,0.05,0.00,20.00,0.00,0.00,0.00,3.77,20.05,UDS,COST_STABLE
1745,23382692583000,512,0,UDS,3.77,0.05,0.00,20.00,0.00,0.00,0.00,3.77,20.05,UDS,COST_STABLE
1746,23382692585000,512,0,UDS,3.77,0.05,0.00,20.00,0.00,0.00,0.00,3.77,20.05,UDS,COST_STABLE
1747,23382692588000,512,0,UDS,3.77,0.05,0.00,20.00,0.00,0.00,0.00,3.77,20.05,UDS,COST_STABLE
1748,23382692590000,512,0,UDS,3.77,0.05,0.00,20.00,0.00,0.00,0.00,3.77,20.05,UDS,COST_STABLE
1749,23382692593000,512,0,UDS,3.77,0.05,0.00,20.00,0.00,0.00,0.00,3.77,20.05,UDS,COST_STABLE
1750,23382692595000,512,0,UDS,3.77,0.05,0.00,20.00,0.00,0.00,0.00,3.77,20.05,UDS,COST_STABLE
1751,23382692598000,512,0,UDS,3.77,0.05,0.00,20.00,0.00,0.00,0.00,3.77,20.05,UDS,COST_STABLE
1752,23382692600000,512,0,UDS,3.77,0.05,0.00,20.00,0.00,0.00,0.00,3.77,20.05,UDS,COST_STABLE
1753,23382692603000,512,0,UDS,3.77,0.05,0.00,20.00,0.00,0.00,0.00,3.77,20.05,UDS,COST_STABLE
1754,23382692605000,512,0,UDS,3.77,0.05,0.00,20.00,0.00,0.00,0.00,3.77,20.05,UDS,COST_STABLE
1755,23382692608000,512,0,UDS,3.77,0.05,0.00,20.00,0.00,0.00,0.00,3.77,20.05,UDS,COST_STABLE
1756,23382692610000,512,0,UDS,3.77,0.05,0.00,20.00,0.00,0.00,0.00,3.77,20.05,UDS,COST_STABLE
1757,23382692613000,512,0,UDS,3.77,0.05,0.00,20.00,0.00,0.00,0.00,3.77,20.05,UDS,COST_STABLE
1758,23382692616000,512,0,UDS,3.77,0.05,0.00,20.00,0.00,0.00,0.00,3.77,20.05,UDS,COST_STABLE
1759,23382692619000,512,0,UDS,3.77,0.05,0.00,20.00,0.00,0.00,0.00,3.77,20.05,UDS,COST_STABLE
1760,23382692621000,512,0,UDS,3.77,0.05,0.00,20.00,0.00,0.00,0.00,3.77,20.05,UDS,COST_STABLE
1761,23382692624000,512,0,UDS,3.77,0.05,0.00,20.00,0.00,0.00,0.00,3.77,20.05,UDS,COST_STABLE
1762,23382692627000,512,0,UDS,3.77,0.05,0.00,20.00,0.00,0.00,0.00,3.77,20.05,UDS,COST_STABLE
1763,23382692629000,512,0,UDS,3.77,0.05,0.00,20.00,0.00,0.00,0.00,3.77,20.05,UDS,COST_STABLE
1764,23382692632000,512,0,UDS,3.77,0.05,0.00,20.00,0.00,0.00,0.00,3.77,20.05,UDS,COST_STABLE
1765,23382692634000,512,0,UDS,3.77,0.05,0.00,20.00,0.00,0.00,0.00,3.77,20.05,UDS,COST_STABLE
1766,23382692636000,512,0,UDS,3.77,0.05,0.00,20.00,0.00,0.00,0.00,3.77,20.05,UDS,COST_STABLE
1767,23382692639000,512,0,UDS,3.77,0.05,0.00,20.00,0.00,0.00,0.00,3.77,20.05,UDS,COST_STABLE
1768,23382692641000,512,0,UDS,3.77,0.05,0.00,20.00,0.00,0.00,0.00,3.77,20.05,UDS,COST_STABLE
1769,23382692645000,512,0,UDS,3.77,0.05,0.00,20.00,0.00,0.00,0.00,3.77,20.05,UDS,COST_STABLE
1770,23382692648000,512,0,UDS,3.77,0.05,0.00,20.00,0.00,0.00,0.00,3.77,20.05,UDS,COST_STABLE
1771,23382692650000,512,0,UDS,3.77,0.05,0.00,20.00,0.00,0.00,0.00,3.77,20.05,UDS,COST_STABLE
1772,23382692653000,512,0,UDS,3.77,0.05,0.00,20.00,0.00,0.00,0.00,3.77,20.05,UDS,COST_STABLE
1773,23382692655000,512,0,UDS,3.77,0.05,0.00,20.00,0.00,0.00,0.00,3.77,20.05,UDS,COST_STABLE
1774,23382692658000,512,0,UDS,3.77,0.05,0.00,20.00,0.00,0.00,0.00,3.77,20.05,UDS,COST_STABLE
1775,23382692660000,512,0,UDS,3.77,0.05,0.00,20.00,0.00,0.00,0.00,3.77,20.05,UDS,COST_STABLE
1776,23382692663000,512,0,UDS,3.77,0.05,0.00,20.00,0.00,0.00,0.00,3.77,20.05,UDS,COST_STABLE
1777,23382692665000,512,0,UDS,3.77,0.05,0.00,20.00,0.00,0.00,0.00,3.77,20.05,UDS,COST_STABLE
1778,23382692668000,512,0,UDS,3.77,0.05,0.00,20.00,0.00,0.00,0.00,3.77,20.05,UDS,COST_STABLE
1779,23382692670000,512,0,UDS,3.77,0.05,0.00,20.00,0.00,0.00,0.00,3.77,20.05,UDS,COST_STABLE
1780,23382692673000,512,0,UDS,3.77,0.05,0.00,20.00,0.00,0.00,0.00,3.77,20.05,UDS,COST_STABLE
1781,23382692677000,512,0,UDS,3.77,0.05,0.00,20.00,0.00,0.00,0.00,3.77,20.05,UDS,COST_STABLE
1782,23382692679000,512,0,UDS,3.77,0.05,0.00,20.00,0.00,0.00,0.00,3.77,20.05,UDS,COST_STABLE
1783,23382692681000,512,0,UDS,3.77,0.05,0.00,20.00,0.00,0.00,0.00,3.77,20.05,UDS,COST_STABLE
1784,23382692683000,512,0,UDS,3.77,0.05,0.00,20.00,0.00,0.00,0.00,3.77,20.05,UDS,COST_STABLE
1785,23382692688000,512,0,UDS,3.77,0.05,0.00,20.00,0.00,0.00,0.00,3.77,20.05,UDS,COST_STABLE
1786,23382692692000,512,0,UDS,3.77,0.05,0.00,20.00,0.00,0.00,0.00,3.77,20.05,UDS,COST_STABLE
1787,23382692699000,512,0,UDS,3.77,0.05,0.00,20.00,0.00,0.00,0.00,3.77,20.05,UDS,COST_STABLE
1788,23382692702000,512,0,UDS,3.77,0.05,0.00,20.00,0.00,0.00,0.00,3.77,20.05,UDS,COST_STABLE
1789,23382692704000,512,0,UDS,3.77,0.05,0.00,20.00,0.00,0.00,0.00,3.77,20.05,UDS,COST_STABLE
1790,23382692707000,512,0,UDS,3.77,0.05,0.00,20.00,0.00,0.00,0.00,3.77,20.05,UDS,COST_STABLE
1791,23382692709000,512,0,UDS,3.77,0.05,0.00,20.00,0.00,0.00,0.00,3.77,20.05,UDS,COST_STABLE
1792,23382692711000,512,0,UDS,3.77,0.05,0.00,20.00,0.00,0.00,0.00,3.77,20.05,UDS,COST_STABLE
1793,23382692713000,512,0,UDS,3.77,0.05,0.00,20.00,0.00,0.00,0.00,3.77,20.05,UDS,COST_STABLE
1794,23382692715000,512,0,UDS,3.77,0.05,0.00,20.00,0.00,0.00,0.00,3.77,20.05,UDS,COST_STABLE
1795,23382692719000,512,0,UDS,3.77,0.05,0.00,20.00,0.00,0.00,0.00,3.77,20.05,UDS,COST_STABLE
1796,23382692722000,512,0,UDS,3.77,0.05,0.00,20.00,0.00,0.00,0.00,3.77,20.05,UDS,COST_STABLE
1797,23382692725000,512,0,UDS,3.77,0.05,0.00,20.00,0.00,0.00,0.00,3.77,20.05,UDS,COST_STABLE
1798,23382692737000,512,0,UDS,3.77,0.05,0.00,20.00,0.00,0.00,0.00,3.77,20.05,UDS,COST_STABLE
1799,23382692754000,512,0,UDS,3.77,0.05,0.00,20.00,0.00,0.00,0.00,3.77,20.05,UDS,COST_STABLE
1800,23382692756000,512,0,UDS,3.77,0.05,0.00,20.00,0.00,0.00,0.00,3.77,20.05,UDS,COST_STABLE
