seq,payload_bytes,ewma_bytes,route,switched
0,512,102.4,UDS,0
1,512,184.3,UDS,0
2,512,249.9,UDS,0
3,512,302.3,UDS,0
4,512,344.2,UDS,0
5,512,377.8,UDS,0
6,512,404.6,UDS,0
7,512,426.1,UDS,0
8,512,443.3,UDS,0
9,512,457.0,UDS,0
10,512,468.0,UDS,0
11,512,476.8,UDS,0
12,512,483.9,UDS,0
13,512,489.5,UDS,0
14,512,494.0,UDS,0
15,512,497.6,UDS,0
16,512,500.5,UDS,0
17,512,502.8,UDS,0
18,512,504.6,UDS,0
19,512,506.1,UDS,0
20,512,507.3,UDS,0
21,512,508.2,UDS,0
22,512,509.0,UDS,0
23,512,509.6,UDS,0
24,512,510.1,UDS,0
25,512,510.5,UDS,0
26,512,510.8,UDS,0
27,512,511.0,UDS,0
28,512,511.2,UDS,0
29,512,511.4,UDS,0
30,512,511.5,UDS,0
31,512,511.6,UDS,0
32,512,511.7,UDS,0
33,512,511.7,UDS,0
34,512,511.8,UDS,0
35,512,511.8,UDS,0
36,512,511.9,UDS,0
37,512,511.9,UDS,0
38,512,511.9,UDS,0
39,512,511.9,UDS,0
40,512,511.9,UDS,0
41,512,512.0,UDS,0
42,512,512.0,UDS,0
43,512,512.0,UDS,0
44,512,512.0,UDS,0
45,512,512.0,UDS,0
46,512,512.0,UDS,0
47,512,512.0,UDS,0
48,512,512.0,UDS,0
49,512,512.0,UDS,0
50,512,512.0,UDS,0
51,512,512.0,UDS,0
52,512,512.0,UDS,0
53,512,512.0,UDS,0
54,512,512.0,UDS,0
55,512,512.0,UDS,0
56,512,512.0,UDS,0
57,512,512.0,UDS,0
58,512,512.0,UDS,0
59,512,512.0,UDS,0
60,512,512.0,UDS,0
61,512,512.0,UDS,0
62,512,512.0,UDS,0
63,512,512.0,UDS,0
64,512,512.0,UDS,0
65,512,512.0,UDS,0
66,512,512.0,UDS,0
67,512,512.0,UDS,0
68,512,512.0,UDS,0
69,512,512.0,UDS,0
70,512,512.0,UDS,0
71,512,512.0,UDS,0
72,512,512.0,UDS,0
73,512,512.0,UDS,0
74,512,512.0,UDS,0
75,512,512.0,UDS,0
76,512,512.0,UDS,0
77,512,512.0,UDS,0
78,512,512.0,UDS,0
79,512,512.0,UDS,0
80,512,512.0,UDS,0
81,512,512.0,UDS,0
82,512,512.0,UDS,0
83,512,512.0,UDS,0
84,512,512.0,UDS,0
85,512,512.0,UDS,0
86,512,512.0,UDS,0
87,512,512.0,UDS,0
88,512,512.0,UDS,0
89,512,512.0,UDS,0
90,512,512.0,UDS,0
91,512,512.0,UDS,0
92,512,512.0,UDS,0
93,512,512.0,UDS,0
94,512,512.0,UDS,0
95,512,512.0,UDS,0
96,512,512.0,UDS,0
97,512,512.0,UDS,0
98,512,512.0,UDS,0
99,512,512.0,UDS,0
100,512,512.0,UDS,0
101,512,512.0,UDS,0
102,512,512.0,UDS,0
103,512,512.0,UDS,0
104,512,512.0,UDS,0
105,512,512.0,UDS,0
106,512,512.0,UDS,0
107,512,512.0,UDS,0
108,512,512.0,UDS,0
109,512,512.0,UDS,0
110,512,512.0,UDS,0
111,512,512.0,UDS,0
112,512,512.0,UDS,0
113,512,512.0,UDS,0
114,512,512.0,UDS,0
115,512,512.0,UDS,0
116,512,512.0,UDS,0
117,512,512.0,UDS,0
118,512,512.0,UDS,0
119,512,512.0,UDS,0
120,512,512.0,UDS,0
121,512,512.0,UDS,0
122,512,512.0,UDS,0
123,512,512.0,UDS,0
124,512,512.0,UDS,0
125,512,512.0,UDS,0
126,512,512.0,UDS,0
127,512,512.0,UDS,0
128,512,512.0,UDS,0
129,512,512.0,UDS,0
130,512,512.0,UDS,0
131,512,512.0,UDS,0
132,512,512.0,UDS,0
133,512,512.0,UDS,0
134,512,512.0,UDS,0
135,512,512.0,UDS,0
136,512,512.0,UDS,0
137,512,512.0,UDS,0
138,512,512.0,UDS,0
139,512,512.0,UDS,0
140,512,512.0,UDS,0
141,512,512.0,UDS,0
142,512,512.0,UDS,0
143,512,512.0,UDS,0
144,512,512.0,UDS,0
145,512,512.0,UDS,0
146,512,512.0,UDS,0
147,512,512.0,UDS,0
148,512,512.0,UDS,0
149,512,512.0,UDS,0
150,512,512.0,UDS,0
151,512,512.0,UDS,0
152,512,512.0,UDS,0
153,512,512.0,UDS,0
154,512,512.0,UDS,0
155,512,512.0,UDS,0
156,512,512.0,UDS,0
157,512,512.0,UDS,0
158,512,512.0,UDS,0
159,512,512.0,UDS,0
160,512,512.0,UDS,0
161,512,512.0,UDS,0
162,512,512.0,UDS,0
163,512,512.0,UDS,0
164,512,512.0,UDS,0
165,512,512.0,UDS,0
166,512,512.0,UDS,0
167,512,512.0,UDS,0
168,512,512.0,UDS,0
169,512,512.0,UDS,0
170,512,512.0,UDS,0
171,512,512.0,UDS,0
172,512,512.0,UDS,0
173,512,512.0,UDS,0
174,512,512.0,UDS,0
175,512,512.0,UDS,0
176,512,512.0,UDS,0
177,512,512.0,UDS,0
178,512,512.0,UDS,0
179,512,512.0,UDS,0
180,512,512.0,UDS,0
181,512,512.0,UDS,0
182,512,512.0,UDS,0
183,512,512.0,UDS,0
184,512,512.0,UDS,0
185,512,512.0,UDS,0
186,512,512.0,UDS,0
187,512,512.0,UDS,0
188,512,512.0,UDS,0
189,512,512.0,UDS,0
190,512,512.0,UDS,0
191,512,512.0,UDS,0
192,512,512.0,UDS,0
193,512,512.0,UDS,0
194,512,512.0,UDS,0
195,512,512.0,UDS,0
196,512,512.0,UDS,0
197,512,512.0,UDS,0
198,512,512.0,UDS,0
199,512,512.0,UDS,0
200,512,512.0,UDS,0
201,512,512.0,UDS,0
202,512,512.0,UDS,0
203,512,512.0,UDS,0
204,512,512.0,UDS,0
205,512,512.0,UDS,0
206,512,512.0,UDS,0
207,512,512.0,UDS,0
208,512,512.0,UDS,0
209,512,512.0,UDS,0
210,512,512.0,UDS,0
211,512,512.0,UDS,0
212,512,512.0,UDS,0
213,512,512.0,UDS,0
214,512,512.0,UDS,0
215,512,512.0,UDS,0
216,512,512.0,UDS,0
217,512,512.0,UDS,0
218,512,512.0,UDS,0
219,512,512.0,UDS,0
220,512,512.0,UDS,0
221,512,512.0,UDS,0
222,512,512.0,UDS,0
223,512,512.0,UDS,0
224,512,512.0,UDS,0
225,512,512.0,UDS,0
226,512,512.0,UDS,0
227,512,512.0,UDS,0
228,512,512.0,UDS,0
229,512,512.0,UDS,0
230,512,512.0,UDS,0
231,512,512.0,UDS,0
232,512,512.0,UDS,0
233,512,512.0,UDS,0
234,512,512.0,UDS,0
235,512,512.0,UDS,0
236,512,512.0,UDS,0
237,512,512.0,UDS,0
238,512,512.0,UDS,0
239,512,512.0,UDS,0
240,512,512.0,UDS,0
241,512,512.0,UDS,0
242,512,512.0,UDS,0
243,512,512.0,UDS,0
244,512,512.0,UDS,0
245,512,512.0,UDS,0
246,512,512.0,UDS,0
247,512,512.0,UDS,0
248,512,512.0,UDS,0
249,512,512.0,UDS,0
250,512,512.0,UDS,0
251,512,512.0,UDS,0
252,512,512.0,UDS,0
253,512,512.0,UDS,0
254,512,512.0,UDS,0
255,512,512.0,UDS,0
256,512,512.0,UDS,0
257,512,512.0,UDS,0
258,512,512.0,UDS,0
259,512,512.0,UDS,0
260,512,512.0,UDS,0
261,512,512.0,UDS,0
262,512,512.0,UDS,0
263,512,512.0,UDS,0
264,512,512.0,UDS,0
265,512,512.0,UDS,0
266,512,512.0,UDS,0
267,512,512.0,UDS,0
268,512,512.0,UDS,0
269,512,512.0,UDS,0
270,512,512.0,UDS,0
271,512,512.0,UDS,0
272,512,512.0,UDS,0
273,512,512.0,UDS,0
274,512,512.0,UDS,0
275,512,512.0,UDS,0
276,512,512.0,UDS,0
277,512,512.0,UDS,0
278,512,512.0,UDS,0
279,512,512.0,UDS,0
280,512,512.0,UDS,0
281,512,512.0,UDS,0
282,512,512.0,UDS,0
283,512,512.0,UDS,0
284,512,512.0,UDS,0
285,512,512.0,UDS,0
286,512,512.0,UDS,0
287,512,512.0,UDS,0
288,512,512.0,UDS,0
289,512,512.0,UDS,0
290,512,512.0,UDS,0
291,512,512.0,UDS,0
292,512,512.0,UDS,0
293,512,512.0,UDS,0
294,512,512.0,UDS,0
295,512,512.0,UDS,0
296,512,512.0,UDS,0
297,512,512.0,UDS,0
298,512,512.0,UDS,0
299,512,512.0,UDS,0
300,512,512.0,UDS,0
301,512,512.0,UDS,0
302,512,512.0,UDS,0
303,512,512.0,UDS,0
304,512,512.0,UDS,0
305,512,512.0,UDS,0
306,512,512.0,UDS,0
307,512,512.0,UDS,0
308,512,512.0,UDS,0
309,512,512.0,UDS,0
310,512,512.0,UDS,0
311,512,512.0,UDS,0
312,512,512.0,UDS,0
313,512,512.0,UDS,0
314,512,512.0,UDS,0
315,512,512.0,UDS,0
316,512,512.0,UDS,0
317,512,512.0,UDS,0
318,512,512.0,UDS,0
319,512,512.0,UDS,0
320,512,512.0,UDS,0
321,512,512.0,UDS,0
322,512,512.0,UDS,0
323,512,512.0,UDS,0
324,512,512.0,UDS,0
325,512,512.0,UDS,0
326,512,512.0,UDS,0
327,512,512.0,UDS,0
328,512,512.0,UDS,0
329,512,512.0,UDS,0
330,512,512.0,UDS,0
331,512,512.0,UDS,0
332,512,512.0,UDS,0
333,512,512.0,UDS,0
334,512,512.0,UDS,0
335,512,512.0,UDS,0
336,512,512.0,UDS,0
337,512,512.0,UDS,0
338,512,512.0,UDS,0
339,512,512.0,UDS,0
340,512,512.0,UDS,0
341,512,512.0,UDS,0
342,512,512.0,UDS,0
343,512,512.0,UDS,0
344,512,512.0,UDS,0
345,512,512.0,UDS,0
346,512,512.0,UDS,0
347,512,512.0,UDS,0
348,512,512.0,UDS,0
349,512,512.0,UDS,0
350,512,512.0,UDS,0
351,512,512.0,UDS,0
352,512,512.0,UDS,0
353,512,512.0,UDS,0
354,512,512.0,UDS,0
355,512,512.0,UDS,0
356,512,512.0,UDS,0
357,512,512.0,UDS,0
358,512,512.0,UDS,0
359,512,512.0,UDS,0
360,512,512.0,UDS,0
361,512,512.0,UDS,0
362,512,512.0,UDS,0
363,512,512.0,UDS,0
364,512,512.0,UDS,0
365,512,512.0,UDS,0
366,512,512.0,UDS,0
367,512,512.0,UDS,0
368,512,512.0,UDS,0
369,512,512.0,UDS,0
370,512,512.0,UDS,0
371,512,512.0,UDS,0
372,512,512.0,UDS,0
373,512,512.0,UDS,0
374,512,512.0,UDS,0
375,512,512.0,UDS,0
376,512,512.0,UDS,0
377,512,512.0,UDS,0
378,512,512.0,UDS,0
379,512,512.0,UDS,0
380,512,512.0,UDS,0
381,512,512.0,UDS,0
382,512,512.0,UDS,0
383,512,512.0,UDS,0
384,512,512.0,UDS,0
385,512,512.0,UDS,0
386,512,512.0,UDS,0
387,512,512.0,UDS,0
388,512,512.0,UDS,0
389,512,512.0,UDS,0
390,512,512.0,UDS,0
391,512,512.0,UDS,0
392,512,512.0,UDS,0
393,512,512.0,UDS,0
394,512,512.0,UDS,0
395,512,512.0,UDS,0
396,512,512.0,UDS,0
397,512,512.0,UDS,0
398,512,512.0,UDS,0
399,512,512.0,UDS,0
400,16384,3686.4,UDS,0
401,16384,6225.9,SHM,1
402,16384,8257.5,SHM,0
403,16384,9882.8,SHM,0
404,16384,11183.1,SHM,0
405,16384,12223.3,SHM,0
406,16384,13055.4,SHM,0
407,16384,13721.1,SHM,0
408,16384,14253.7,SHM,0
409,16384,14679.8,SHM,0
410,16384,15020.6,SHM,0
411,16384,15293.3,SHM,0
412,16384,15511.4,SHM,0
413,16384,15685.9,SHM,0
414,16384,15825.6,SHM,0
415,16384,15937.2,SHM,0
416,16384,16026.6,SHM,0
417,16384,16098.1,SHM,0
418,16384,16155.3,SHM,0
419,16384,16201.0,SHM,0
420,16384,16237.6,SHM,0
421,16384,16266.9,SHM,0
422,16384,16290.3,SHM,0
423,16384,16309.0,SHM,0
424,16384,16324.0,SHM,0
425,16384,16336.0,SHM,0
426,16384,16345.6,SHM,0
427,16384,16353.3,SHM,0
428,16384,16359.4,SHM,0
429,16384,16364.4,SHM,0
430,16384,16368.3,SHM,0
431,16384,16371.4,SHM,0
432,16384,16373.9,SHM,0
433,16384,16376.0,SHM,0
434,16384,16377.6,SHM,0
435,16384,16378.8,SHM,0
436,16384,16379.9,SHM,0
437,16384,16380.7,SHM,0
438,16384,16381.4,SHM,0
439,16384,16381.9,SHM,0
440,16384,16382.3,SHM,0
441,16384,16382.6,SHM,0
442,16384,16382.9,SHM,0
443,16384,16383.1,SHM,0
444,16384,16383.3,SHM,0
445,16384,16383.4,SHM,0
446,16384,16383.6,SHM,0
447,16384,16383.6,SHM,0
448,16384,16383.7,SHM,0
449,16384,16383.8,SHM,0
450,16384,16383.8,SHM,0
451,16384,16383.9,SHM,0
452,16384,16383.9,SHM,0
453,16384,16383.9,SHM,0
454,16384,16383.9,SHM,0
455,16384,16383.9,SHM,0
456,16384,16384.0,SHM,0
457,16384,16384.0,SHM,0
458,16384,16384.0,SHM,0
459,16384,16384.0,SHM,0
460,16384,16384.0,SHM,0
461,16384,16384.0,SHM,0
462,16384,16384.0,SHM,0
463,16384,16384.0,SHM,0
464,16384,16384.0,SHM,0
465,16384,16384.0,SHM,0
466,16384,16384.0,SHM,0
467,16384,16384.0,SHM,0
468,16384,16384.0,SHM,0
469,16384,16384.0,SHM,0
470,16384,16384.0,SHM,0
471,16384,16384.0,SHM,0
472,16384,16384.0,SHM,0
473,16384,16384.0,SHM,0
474,16384,16384.0,SHM,0
475,16384,16384.0,SHM,0
476,16384,16384.0,SHM,0
477,16384,16384.0,SHM,0
478,16384,16384.0,SHM,0
479,16384,16384.0,SHM,0
480,16384,16384.0,SHM,0
481,16384,16384.0,SHM,0
482,16384,16384.0,SHM,0
483,16384,16384.0,SHM,0
484,16384,16384.0,SHM,0
485,16384,16384.0,SHM,0
486,16384,16384.0,SHM,0
487,16384,16384.0,SHM,0
488,16384,16384.0,SHM,0
489,16384,16384.0,SHM,0
490,16384,16384.0,SHM,0
491,16384,16384.0,SHM,0
492,16384,16384.0,SHM,0
493,16384,16384.0,SHM,0
494,16384,16384.0,SHM,0
495,16384,16384.0,SHM,0
496,16384,16384.0,SHM,0
497,16384,16384.0,SHM,0
498,16384,16384.0,SHM,0
499,16384,16384.0,SHM,0
500,16384,16384.0,SHM,0
501,16384,16384.0,SHM,0
502,16384,16384.0,SHM,0
503,16384,16384.0,SHM,0
504,16384,16384.0,SHM,0
505,16384,16384.0,SHM,0
506,16384,16384.0,SHM,0
507,16384,16384.0,SHM,0
508,16384,16384.0,SHM,0
509,16384,16384.0,SHM,0
510,16384,16384.0,SHM,0
511,16384,16384.0,SHM,0
512,16384,16384.0,SHM,0
513,16384,16384.0,SHM,0
514,16384,16384.0,SHM,0
515,16384,16384.0,SHM,0
516,16384,16384.0,SHM,0
517,16384,16384.0,SHM,0
518,16384,16384.0,SHM,0
519,16384,16384.0,SHM,0
520,16384,16384.0,SHM,0
521,16384,16384.0,SHM,0
522,16384,16384.0,SHM,0
523,16384,16384.0,SHM,0
524,16384,16384.0,SHM,0
525,16384,16384.0,SHM,0
526,16384,16384.0,SHM,0
527,16384,16384.0,SHM,0
528,16384,16384.0,SHM,0
529,16384,16384.0,SHM,0
530,16384,16384.0,SHM,0
531,16384,16384.0,SHM,0
532,16384,16384.0,SHM,0
533,16384,16384.0,SHM,0
534,16384,16384.0,SHM,0
535,16384,16384.0,SHM,0
536,16384,16384.0,SHM,0
537,16384,16384.0,SHM,0
538,16384,16384.0,SHM,0
539,16384,16384.0,SHM,0
540,16384,16384.0,SHM,0
541,16384,16384.0,SHM,0
542,16384,16384.0,SHM,0
543,16384,16384.0,SHM,0
544,16384,16384.0,SHM,0
545,16384,16384.0,SHM,0
546,16384,16384.0,SHM,0
547,16384,16384.0,SHM,0
548,16384,16384.0,SHM,0
549,16384,16384.0,SHM,0
550,16384,16384.0,SHM,0
551,16384,16384.0,SHM,0
552,16384,16384.0,SHM,0
553,16384,16384.0,SHM,0
554,16384,16384.0,SHM,0
555,16384,16384.0,SHM,0
556,16384,16384.0,SHM,0
557,16384,16384.0,SHM,0
558,16384,16384.0,SHM,0
559,16384,16384.0,SHM,0
560,16384,16384.0,SHM,0
561,16384,16384.0,SHM,0
562,16384,16384.0,SHM,0
563,16384,16384.0,SHM,0
564,16384,16384.0,SHM,0
565,16384,16384.0,SHM,0
566,16384,16384.0,SHM,0
567,16384,16384.0,SHM,0
568,16384,16384.0,SHM,0
569,16384,16384.0,SHM,0
570,16384,16384.0,SHM,0
571,16384,16384.0,SHM,0
572,16384,16384.0,SHM,0
573,16384,16384.0,SHM,0
574,16384,16384.0,SHM,0
575,16384,16384.0,SHM,0
576,16384,16384.0,SHM,0
577,16384,16384.0,SHM,0
578,16384,16384.0,SHM,0
579,16384,16384.0,SHM,0
580,16384,16384.0,SHM,0
581,16384,16384.0,SHM,0
582,16384,16384.0,SHM,0
583,16384,16384.0,SHM,0
584,16384,16384.0,SHM,0
585,16384,16384.0,SHM,0
586,16384,16384.0,SHM,0
587,16384,16384.0,SHM,0
588,16384,16384.0,SHM,0
589,16384,16384.0,SHM,0
590,16384,16384.0,SHM,0
591,16384,16384.0,SHM,0
592,16384,16384.0,SHM,0
593,16384,16384.0,SHM,0
594,16384,16384.0,SHM,0
595,16384,16384.0,SHM,0
596,16384,16384.0,SHM,0
597,16384,16384.0,SHM,0
598,16384,16384.0,SHM,0
599,16384,16384.0,SHM,0
600,16384,16384.0,SHM,0
601,16384,16384.0,SHM,0
602,16384,16384.0,SHM,0
603,16384,16384.0,SHM,0
604,16384,16384.0,SHM,0
605,16384,16384.0,SHM,0
606,16384,16384.0,SHM,0
607,16384,16384.0,SHM,0
608,16384,16384.0,SHM,0
609,16384,16384.0,SHM,0
610,16384,16384.0,SHM,0
611,16384,16384.0,SHM,0
612,16384,16384.0,SHM,0
613,16384,16384.0,SHM,0
614,16384,16384.0,SHM,0
615,16384,16384.0,SHM,0
616,16384,16384.0,SHM,0
617,16384,16384.0,SHM,0
618,16384,16384.0,SHM,0
619,16384,16384.0,SHM,0
620,16384,16384.0,SHM,0
621,16384,16384.0,SHM,0
622,16384,16384.0,SHM,0
623,16384,16384.0,SHM,0
624,16384,16384.0,SHM,0
625,16384,16384.0,SHM,0
626,16384,16384.0,SHM,0
627,16384,16384.0,SHM,0
628,16384,16384.0,SHM,0
629,16384,16384.0,SHM,0
630,16384,16384.0,SHM,0
631,16384,16384.0,SHM,0
632,16384,16384.0,SHM,0
633,16384,16384.0,SHM,0
634,16384,16384.0,SHM,0
635,16384,16384.0,SHM,0
636,16384,16384.0,SHM,0
637,16384,16384.0,SHM,0
638,16384,16384.0,SHM,0
639,16384,16384.0,SHM,0
640,16384,16384.0,SHM,0
641,16384,16384.0,SHM,0
642,16384,16384.0,SHM,0
643,16384,16384.0,SHM,0
644,16384,16384.0,SHM,0
645,16384,16384.0,SHM,0
646,16384,16384.0,SHM,0
647,16384,16384.0,SHM,0
648,16384,16384.0,SHM,0
649,16384,16384.0,SHM,0
650,16384,16384.0,SHM,0
651,16384,16384.0,SHM,0
652,16384,16384.0,SHM,0
653,16384,16384.0,SHM,0
654,16384,16384.0,SHM,0
655,16384,16384.0,SHM,0
656,16384,16384.0,SHM,0
657,16384,16384.0,SHM,0
658,16384,16384.0,SHM,0
659,16384,16384.0,SHM,0
660,16384,16384.0,SHM,0
661,16384,16384.0,SHM,0
662,16384,16384.0,SHM,0
663,16384,16384.0,SHM,0
664,16384,16384.0,SHM,0
665,16384,16384.0,SHM,0
666,16384,16384.0,SHM,0
667,16384,16384.0,SHM,0
668,16384,16384.0,SHM,0
669,16384,16384.0,SHM,0
670,16384,16384.0,SHM,0
671,16384,16384.0,SHM,0
672,16384,16384.0,SHM,0
673,16384,16384.0,SHM,0
674,16384,16384.0,SHM,0
675,16384,16384.0,SHM,0
676,16384,16384.0,SHM,0
677,16384,16384.0,SHM,0
678,16384,16384.0,SHM,0
679,16384,16384.0,SHM,0
680,16384,16384.0,SHM,0
681,16384,16384.0,SHM,0
682,16384,16384.0,SHM,0
683,16384,16384.0,SHM,0
684,16384,16384.0,SHM,0
685,16384,16384.0,SHM,0
686,16384,16384.0,SHM,0
687,16384,16384.0,SHM,0
688,16384,16384.0,SHM,0
689,16384,16384.0,SHM,0
690,16384,16384.0,SHM,0
691,16384,16384.0,SHM,0
692,16384,16384.0,SHM,0
693,16384,16384.0,SHM,0
694,16384,16384.0,SHM,0
695,16384,16384.0,SHM,0
696,16384,16384.0,SHM,0
697,16384,16384.0,SHM,0
698,16384,16384.0,SHM,0
699,16384,16384.0,SHM,0
700,16384,16384.0,SHM,0
701,16384,16384.0,SHM,0
702,16384,16384.0,SHM,0
703,16384,16384.0,SHM,0
704,16384,16384.0,SHM,0
705,16384,16384.0,SHM,0
706,16384,16384.0,SHM,0
707,16384,16384.0,SHM,0
708,16384,16384.0,SHM,0
709,16384,16384.0,SHM,0
710,16384,16384.0,SHM,0
711,16384,16384.0,SHM,0
712,16384,16384.0,SHM,0
713,16384,16384.0,SHM,0
714,16384,16384.0,SHM,0
715,16384,16384.0,SHM,0
716,16384,16384.0,SHM,0
717,16384,16384.0,SHM,0
718,16384,16384.0,SHM,0
719,16384,16384.0,SHM,0
720,16384,16384.0,SHM,0
721,16384,16384.0,SHM,0
722,16384,16384.0,SHM,0
723,16384,16384.0,SHM,0
724,16384,16384.0,SHM,0
725,16384,16384.0,SHM,0
726,16384,16384.0,SHM,0
727,16384,16384.0,SHM,0
728,16384,16384.0,SHM,0
729,16384,16384.0,SHM,0
730,16384,16384.0,SHM,0
731,16384,16384.0,SHM,0
732,16384,16384.0,SHM,0
733,16384,16384.0,SHM,0
734,16384,16384.0,SHM,0
735,16384,16384.0,SHM,0
736,16384,16384.0,SHM,0
737,16384,16384.0,SHM,0
738,16384,16384.0,SHM,0
739,16384,16384.0,SHM,0
740,16384,16384.0,SHM,0
741,16384,16384.0,SHM,0
742,16384,16384.0,SHM,0
743,16384,16384.0,SHM,0
744,16384,16384.0,SHM,0
745,16384,16384.0,SHM,0
746,16384,16384.0,SHM,0
747,16384,16384.0,SHM,0
748,16384,16384.0,SHM,0
749,16384,16384.0,SHM,0
750,16384,16384.0,SHM,0
751,16384,16384.0,SHM,0
752,16384,16384.0,SHM,0
753,16384,16384.0,SHM,0
754,16384,16384.0,SHM,0
755,16384,16384.0,SHM,0
756,16384,16384.0,SHM,0
757,16384,16384.0,SHM,0
758,16384,16384.0,SHM,0
759,16384,16384.0,SHM,0
760,16384,16384.0,SHM,0
761,16384,16384.0,SHM,0
762,16384,16384.0,SHM,0
763,16384,16384.0,SHM,0
764,16384,16384.0,SHM,0
765,16384,16384.0,SHM,0
766,16384,16384.0,SHM,0
767,16384,16384.0,SHM,0
768,16384,16384.0,SHM,0
769,16384,16384.0,SHM,0
770,16384,16384.0,SHM,0
771,16384,16384.0,SHM,0
772,16384,16384.0,SHM,0
773,16384,16384.0,SHM,0
774,16384,16384.0,SHM,0
775,16384,16384.0,SHM,0
776,16384,16384.0,SHM,0
777,16384,16384.0,SHM,0
778,16384,16384.0,SHM,0
779,16384,16384.0,SHM,0
780,16384,16384.0,SHM,0
781,16384,16384.0,SHM,0
782,16384,16384.0,SHM,0
783,16384,16384.0,SHM,0
784,16384,16384.0,SHM,0
785,16384,16384.0,SHM,0
786,16384,16384.0,SHM,0
787,16384,16384.0,SHM,0
788,16384,16384.0,SHM,0
789,16384,16384.0,SHM,0
790,16384,16384.0,SHM,0
791,16384,16384.0,SHM,0
792,16384,16384.0,SHM,0
793,16384,16384.0,SHM,0
794,16384,16384.0,SHM,0
795,16384,16384.0,SHM,0
796,16384,16384.0,SHM,0
797,16384,16384.0,SHM,0
798,16384,16384.0,SHM,0
799,16384,16384.0,SHM,0
800,512,13209.6,SHM,0
801,512,10670.1,SHM,0
802,512,8638.5,SHM,0
803,512,7013.2,SHM,0
804,512,5712.9,SHM,0
805,512,4672.7,SHM,0
806,512,3840.6,SHM,0
807,512,3174.9,SHM,0
808,512,2642.3,SHM,0
809,512,2216.2,SHM,0
810,512,1875.4,SHM,0
811,512,1602.7,SHM,0
812,512,1384.6,SHM,0
813,512,1210.1,SHM,0
814,512,1070.4,SHM,0
815,512,958.8,UDS,1
816,512,869.4,UDS,0
817,512,797.9,UDS,0
818,512,740.7,UDS,0
819,512,695.0,UDS,0
820,512,658.4,UDS,0
821,512,629.1,UDS,0
822,512,605.7,UDS,0
823,512,587.0,UDS,0
824,512,572.0,UDS,0
825,512,560.0,UDS,0
826,512,550.4,UDS,0
827,512,542.7,UDS,0
828,512,536.6,UDS,0
829,512,531.6,UDS,0
830,512,527.7,UDS,0
831,512,524.6,UDS,0
832,512,522.1,UDS,0
833,512,520.0,UDS,0
834,512,518.4,UDS,0
835,512,517.2,UDS,0
836,512,516.1,UDS,0
837,512,515.3,UDS,0
838,512,514.6,UDS,0
839,512,514.1,UDS,0
840,512,513.7,UDS,0
841,512,513.4,UDS,0
842,512,513.1,UDS,0
843,512,512.9,UDS,0
844,512,512.7,UDS,0
845,512,512.6,UDS,0
846,512,512.4,UDS,0
847,512,512.4,UDS,0
848,512,512.3,UDS,0
849,512,512.2,UDS,0
850,512,512.2,UDS,0
851,512,512.1,UDS,0
852,512,512.1,UDS,0
853,512,512.1,UDS,0
854,512,512.1,UDS,0
855,512,512.1,UDS,0
856,512,512.0,UDS,0
857,512,512.0,UDS,0
858,512,512.0,UDS,0
859,512,512.0,UDS,0
860,512,512.0,UDS,0
861,512,512.0,UDS,0
862,512,512.0,UDS,0
863,512,512.0,UDS,0
864,512,512.0,UDS,0
865,512,512.0,UDS,0
866,512,512.0,UDS,0
867,512,512.0,UDS,0
868,512,512.0,UDS,0
869,512,512.0,UDS,0
870,512,512.0,UDS,0
871,512,512.0,UDS,0
872,512,512.0,UDS,0
873,512,512.0,UDS,0
874,512,512.0,UDS,0
875,512,512.0,UDS,0
876,512,512.0,UDS,0
877,512,512.0,UDS,0
878,512,512.0,UDS,0
879,512,512.0,UDS,0
880,512,512.0,UDS,0
881,512,512.0,UDS,0
882,512,512.0,UDS,0
883,512,512.0,UDS,0
884,512,512.0,UDS,0
885,512,512.0,UDS,0
886,512,512.0,UDS,0
887,512,512.0,UDS,0
888,512,512.0,UDS,0
889,512,512.0,UDS,0
890,512,512.0,UDS,0
891,512,512.0,UDS,0
892,512,512.0,UDS,0
893,512,512.0,UDS,0
894,512,512.0,UDS,0
895,512,512.0,UDS,0
896,512,512.0,UDS,0
897,512,512.0,UDS,0
898,512,512.0,UDS,0
899,512,512.0,UDS,0
900,512,512.0,UDS,0
901,512,512.0,UDS,0
902,512,512.0,UDS,0
903,512,512.0,UDS,0
904,512,512.0,UDS,0
905,512,512.0,UDS,0
906,512,512.0,UDS,0
907,512,512.0,UDS,0
908,512,512.0,UDS,0
909,512,512.0,UDS,0
910,512,512.0,UDS,0
911,512,512.0,UDS,0
912,512,512.0,UDS,0
913,512,512.0,UDS,0
914,512,512.0,UDS,0
915,512,512.0,UDS,0
916,512,512.0,UDS,0
917,512,512.0,UDS,0
918,512,512.0,UDS,0
919,512,512.0,UDS,0
920,512,512.0,UDS,0
921,512,512.0,UDS,0
922,512,512.0,UDS,0
923,512,512.0,UDS,0
924,512,512.0,UDS,0
925,512,512.0,UDS,0
926,512,512.0,UDS,0
927,512,512.0,UDS,0
928,512,512.0,UDS,0
929,512,512.0,UDS,0
930,512,512.0,UDS,0
931,512,512.0,UDS,0
932,512,512.0,UDS,0
933,512,512.0,UDS,0
934,512,512.0,UDS,0
935,512,512.0,UDS,0
936,512,512.0,UDS,0
937,512,512.0,UDS,0
938,512,512.0,UDS,0
939,512,512.0,UDS,0
940,512,512.0,UDS,0
941,512,512.0,UDS,0
942,512,512.0,UDS,0
943,512,512.0,UDS,0
944,512,512.0,UDS,0
945,512,512.0,UDS,0
946,512,512.0,UDS,0
947,512,512.0,UDS,0
948,512,512.0,UDS,0
949,512,512.0,UDS,0
950,512,512.0,UDS,0
951,512,512.0,UDS,0
952,512,512.0,UDS,0
953,512,512.0,UDS,0
954,512,512.0,UDS,0
955,512,512.0,UDS,0
956,512,512.0,UDS,0
957,512,512.0,UDS,0
958,512,512.0,UDS,0
959,512,512.0,UDS,0
960,512,512.0,UDS,0
961,512,512.0,UDS,0
962,512,512.0,UDS,0
963,512,512.0,UDS,0
964,512,512.0,UDS,0
965,512,512.0,UDS,0
966,512,512.0,UDS,0
967,512,512.0,UDS,0
968,512,512.0,UDS,0
969,512,512.0,UDS,0
970,512,512.0,UDS,0
971,512,512.0,UDS,0
972,512,512.0,UDS,0
973,512,512.0,UDS,0
974,512,512.0,UDS,0
975,512,512.0,UDS,0
976,512,512.0,UDS,0
977,512,512.0,UDS,0
978,512,512.0,UDS,0
979,512,512.0,UDS,0
980,512,512.0,UDS,0
981,512,512.0,UDS,0
982,512,512.0,UDS,0
983,512,512.0,UDS,0
984,512,512.0,UDS,0
985,512,512.0,UDS,0
986,512,512.0,UDS,0
987,512,512.0,UDS,0
988,512,512.0,UDS,0
989,512,512.0,UDS,0
990,512,512.0,UDS,0
991,512,512.0,UDS,0
992,512,512.0,UDS,0
993,512,512.0,UDS,0
994,512,512.0,UDS,0
995,512,512.0,UDS,0
996,512,512.0,UDS,0
997,512,512.0,UDS,0
998,512,512.0,UDS,0
999,512,512.0,UDS,0
1000,512,512.0,UDS,0
1001,512,512.0,UDS,0
1002,512,512.0,UDS,0
1003,512,512.0,UDS,0
1004,512,512.0,UDS,0
1005,512,512.0,UDS,0
1006,512,512.0,UDS,0
1007,512,512.0,UDS,0
1008,512,512.0,UDS,0
1009,512,512.0,UDS,0
1010,512,512.0,UDS,0
1011,512,512.0,UDS,0
1012,512,512.0,UDS,0
1013,512,512.0,UDS,0
1014,512,512.0,UDS,0
1015,512,512.0,UDS,0
1016,512,512.0,UDS,0
1017,512,512.0,UDS,0
1018,512,512.0,UDS,0
1019,512,512.0,UDS,0
1020,512,512.0,UDS,0
1021,512,512.0,UDS,0
1022,512,512.0,UDS,0
1023,512,512.0,UDS,0
1024,512,512.0,UDS,0
1025,512,512.0,UDS,0
1026,512,512.0,UDS,0
1027,512,512.0,UDS,0
1028,512,512.0,UDS,0
1029,512,512.0,UDS,0
1030,512,512.0,UDS,0
1031,512,512.0,UDS,0
1032,512,512.0,UDS,0
1033,512,512.0,UDS,0
1034,512,512.0,UDS,0
1035,512,512.0,UDS,0
1036,512,512.0,UDS,0
1037,512,512.0,UDS,0
1038,512,512.0,UDS,0
1039,512,512.0,UDS,0
1040,512,512.0,UDS,0
1041,512,512.0,UDS,0
1042,512,512.0,UDS,0
1043,512,512.0,UDS,0
1044,512,512.0,UDS,0
1045,512,512.0,UDS,0
1046,512,512.0,UDS,0
1047,512,512.0,UDS,0
1048,512,512.0,UDS,0
1049,512,512.0,UDS,0
1050,512,512.0,UDS,0
1051,512,512.0,UDS,0
1052,512,512.0,UDS,0
1053,512,512.0,UDS,0
1054,512,512.0,UDS,0
1055,512,512.0,UDS,0
1056,512,512.0,UDS,0
1057,512,512.0,UDS,0
1058,512,512.0,UDS,0
1059,512,512.0,UDS,0
1060,512,512.0,UDS,0
1061,512,512.0,UDS,0
1062,512,512.0,UDS,0
1063,512,512.0,UDS,0
1064,512,512.0,UDS,0
1065,512,512.0,UDS,0
1066,512,512.0,UDS,0
1067,512,512.0,UDS,0
1068,512,512.0,UDS,0
1069,512,512.0,UDS,0
1070,512,512.0,UDS,0
1071,512,512.0,UDS,0
1072,512,512.0,UDS,0
1073,512,512.0,UDS,0
1074,512,512.0,UDS,0
1075,512,512.0,UDS,0
1076,512,512.0,UDS,0
1077,512,512.0,UDS,0
1078,512,512.0,UDS,0
1079,512,512.0,UDS,0
1080,512,512.0,UDS,0
1081,512,512.0,UDS,0
1082,512,512.0,UDS,0
1083,512,512.0,UDS,0
1084,512,512.0,UDS,0
1085,512,512.0,UDS,0
1086,512,512.0,UDS,0
1087,512,512.0,UDS,0
1088,512,512.0,UDS,0
1089,512,512.0,UDS,0
1090,512,512.0,UDS,0
1091,512,512.0,UDS,0
1092,512,512.0,UDS,0
1093,512,512.0,UDS,0
1094,512,512.0,UDS,0
1095,512,512.0,UDS,0
1096,512,512.0,UDS,0
1097,512,512.0,UDS,0
1098,512,512.0,UDS,0
1099,512,512.0,UDS,0
1100,512,512.0,UDS,0
1101,512,512.0,UDS,0
1102,512,512.0,UDS,0
1103,512,512.0,UDS,0
1104,512,512.0,UDS,0
1105,512,512.0,UDS,0
1106,512,512.0,UDS,0
1107,512,512.0,UDS,0
1108,512,512.0,UDS,0
1109,512,512.0,UDS,0
1110,512,512.0,UDS,0
1111,512,512.0,UDS,0
1112,512,512.0,UDS,0
1113,512,512.0,UDS,0
1114,512,512.0,UDS,0
1115,512,512.0,UDS,0
1116,512,512.0,UDS,0
1117,512,512.0,UDS,0
1118,512,512.0,UDS,0
1119,512,512.0,UDS,0
1120,512,512.0,UDS,0
1121,512,512.0,UDS,0
1122,512,512.0,UDS,0
1123,512,512.0,UDS,0
1124,512,512.0,UDS,0
1125,512,512.0,UDS,0
1126,512,512.0,UDS,0
1127,512,512.0,UDS,0
1128,512,512.0,UDS,0
1129,512,512.0,UDS,0
1130,512,512.0,UDS,0
1131,512,512.0,UDS,0
1132,512,512.0,UDS,0
1133,512,512.0,UDS,0
1134,512,512.0,UDS,0
1135,512,512.0,UDS,0
1136,512,512.0,UDS,0
1137,512,512.0,UDS,0
1138,512,512.0,UDS,0
1139,512,512.0,UDS,0
1140,512,512.0,UDS,0
1141,512,512.0,UDS,0
1142,512,512.0,UDS,0
1143,512,512.0,UDS,0
1144,512,512.0,UDS,0
1145,512,512.0,UDS,0
1146,512,512.0,UDS,0
1147,512,512.0,UDS,0
1148,512,512.0,UDS,0
1149,512,512.0,UDS,0
1150,512,512.0,UDS,0
1151,512,512.0,UDS,0
1152,512,512.0,UDS,0
1153,512,512.0,UDS,0
1154,512,512.0,UDS,0
1155,512,512.0,UDS,0
1156,512,512.0,UDS,0
1157,512,512.0,UDS,0
1158,512,512.0,UDS,0
1159,512,512.0,UDS,0
1160,512,512.0,UDS,0
1161,512,512.0,UDS,0
1162,512,512.0,UDS,0
1163,512,512.0,UDS,0
1164,512,512.0,UDS,0
1165,512,512.0,UDS,0
1166,512,512.0,UDS,0
1167,512,512.0,UDS,0
1168,512,512.0,UDS,0
1169,512,512.0,UDS,0
1170,512,512.0,UDS,0
1171,512,512.0,UDS,0
1172,512,512.0,UDS,0
1173,512,512.0,UDS,0
1174,512,512.0,UDS,0
1175,512,512.0,UDS,0
1176,512,512.0,UDS,0
1177,512,512.0,UDS,0
1178,512,512.0,UDS,0
1179,512,512.0,UDS,0
1180,512,512.0,UDS,0
1181,512,512.0,UDS,0
1182,512,512.0,UDS,0
1183,512,512.0,UDS,0
1184,512,512.0,UDS,0
1185,512,512.0,UDS,0
1186,512,512.0,UDS,0
1187,512,512.0,UDS,0
1188,512,512.0,UDS,0
1189,512,512.0,UDS,0
1190,512,512.0,UDS,0
1191,512,512.0,UDS,0
1192,512,512.0,UDS,0
1193,512,512.0,UDS,0
1194,512,512.0,UDS,0
1195,512,512.0,UDS,0
1196,512,512.0,UDS,0
1197,512,512.0,UDS,0
1198,512,512.0,UDS,0
1199,512,512.0,UDS,0
